<?xml version="1.1" encoding="UTF-8" standalone="yes"?>
<addon id="script.showimdb"
       name="Script Show IMDb"
       version="10.0.0"
       provider-name="Mestre Yoda">
    <requires>
        <import addon="xbmc.python" version="3.0.0"/>
        <import addon="script.module.requests"/>
    </requires>
    <extension point="xbmc.service" library="resources/lib/service.py" start="login"/>
    <summary lang="en_GB">Serviço para exibir informações adicionais</summary>
    <description lang="en_GB">Busca informações de APIs como Trakt e TMDB para exibir na skin.</description>
    <platform>all</platform>
    <assets>
        <icon>icon.png</icon>
    </assets>
</addon>