<?xml version="1.0" encoding="UTF-8"?>
<includes>
	<!-- DEFAULT SKIN SETTINGS -->
	<include name="ds_customsettings">
		<!-- These will run when ds-settings-init hasnt been set yet (a.k.a. on first run) -->
		<onload>Skin.SetBool(dstv_debug, false)</onload>
		<!-- Estuary Settings we want to enable by default: -->
		<onload>Skin.SetBool(circle_rating, true)</onload>
		<!-- Skin Settings: General -->
		<onload condition="!Skin.HasSetting(ds-settings-init)">Skin.SetBool(autoscroll, true)</onload>
		<onload condition="!Skin.HasSetting(ds-settings-init)">Skin.Reset(hide_mediaflags)</onload>
		<onload condition="!Skin.HasSetting(ds-settings-init)">Skin.SetBool(show_weatherinfo, true)</onload>
		<onload condition="!Skin.HasSetting(ds-settings-init)">Skin.Reset(touchmode)</onload>
		<onload condition="!Skin.HasSetting(ds-settings-init)">Skin.Reset(dstv_setting_dont_handle_trailers)</onload>
		<!-- Skin Settings: Main Menu -->
		<onload condition="!Skin.HasSetting(ds-settings-init)">Skin.SetBool(show_btn_addons, true)</onload>
		<onload condition="!Skin.HasSetting(ds-settings-init)">Skin.Reset(show_btn_power)</onload>
		<onload condition="!Skin.HasSetting(ds-settings-init)">Skin.SetBool(show_btn_settings, true)</onload>
		<onload condition="!Skin.HasSetting(ds-settings-init)">Skin.Reset(show_profileavatar)</onload>
		<onload condition="!Skin.HasSetting(ds-settings-init)">Skin.Reset(show_browsewidget)</onload>
		<onload condition="!Skin.HasSetting(ds-settings-init)">Skin.Reset(show_emptywidgets)</onload>
		<onload condition="!Skin.HasSetting(ds-settings-init)">Skin.SetBool(show_widget_titles, false)</onload>
		<!-- Skin Settings: Visuals -->
		<onload condition="!Skin.HasSetting(ds-settings-init)">Skin.SetString(background_overlay, 2)</onload>
		<onload condition="!Skin.HasSetting(ds-settings-init)">Skin.Reset(HomeFanart.ext)</onload>
		<onload condition="!Skin.HasSetting(ds-settings-init)">Skin.Reset(HomeFanart.name)</onload>
		<onload condition="!Skin.HasSetting(ds-settings-init)">Skin.Reset(HomeFanart.path)</onload>
		<onload condition="!Skin.HasSetting(ds-settings-init)">Skin.SetBool(fade_widgets, true)</onload>
		<onload condition="!Skin.HasSetting(ds-settings-init)">Skin.SetString(dstv_menu_items_text_case, titlecase)</onload>
		<onload condition="!Skin.HasSetting(ds-settings-init)">Skin.SetString(dstv_menu_widgets_text_case, titlecase)</onload>
		<onload condition="!Skin.HasSetting(ds-settings-init)">Skin.Reset(dstv_setting_preload_fanart)</onload>
		<onload condition="!Skin.HasSetting(ds-settings-init)">Skin.SetBool(no_fanart, false)</onload>
		<onload condition="!Skin.HasSetting(ds-settings-init)">Skin.Reset(dstv_setting_use_clearlogo_titles)</onload>
		<onload condition="!Skin.HasSetting(ds-settings-init)">Skin.SetBool(netflix_bg, true)</onload>
		<onload condition="!Skin.HasSetting(ds-settings-init)">Skin.Reset(netflix_small_diffuse)</onload>
		<onload condition="!Skin.HasSetting(ds-settings-init)">Skin.Reset(no_slide_animations)</onload>
		<onload condition="!Skin.HasSetting(ds-settings-init)">Skin.Reset(dstv_setting_smaller_watched)</onload>
		<!-- Force Locked ViewType Settings for Movies, TV, & Videos to Shift: -->
		<onload condition="!Skin.HasSetting(ds-settings-init) | Integer.IsLess($NUMBER[Skin.String(ds_settings_vers)],1210300)">Skin.SetString(Skin.ForcedView.movies,$LOCALIZE[31100])</onload>
		<onload condition="!Skin.HasSetting(ds-settings-init) | Integer.IsLess($NUMBER[Skin.String(ds_settings_vers)],1210300)">Skin.SetString(Skin.ForcedView.tvshows,$LOCALIZE[31100])</onload>
		<onload condition="!Skin.HasSetting(ds-settings-init) | Integer.IsLess($NUMBER[Skin.String(ds_settings_vers)],1210300)">Skin.SetString(Skin.ForcedView.videos,$LOCALIZE[31100])</onload>
		<!-- !!!!! Always set this value to the current version: !!!!! -->
		<onload condition="!Skin.HasSetting(ds-settings-init)">Skin.SetString(ds_settings_vers,1210300)</onload>
		<!-- Version Updater: Replace these checks with the new version. -->
		<onload condition="String.IsEmpty(Skin.String(ds_settings_vers)) | Integer.IsLess($NUMBER[Skin.String(ds_settings_vers)],1210300)">Notification("DSTV Updated", "DSTV to v1.21.3 View Changelog for details.", 10000)</onload>
		<onload condition="String.IsEmpty(Skin.String(ds_settings_vers)) | Integer.IsLess($NUMBER[Skin.String(ds_settings_vers)],1210300)">Skin.SetString(ds_settings_vers,1210300)</onload>
		<!-- At the end of first run, set the ds-settings-init value to true so the above dont trigger again -->
		<onload condition="!Skin.HasSetting(ds-settings-init)">Skin.SetBool(ds-settings-init, true)</onload>
	</include>
	<!-- CUSTOM ANIMATIONS -->
	<include name="dsa_delayed_menuicon_slideout">
		<animation type="Conditional" condition="String.IsEqual(Window().Property(ds_mainmenu_hidden),true)" reversible="true">
			<effect type="slide" start="0,0" end="372,0" time="180" tween="sine" />
		</animation>
		<animation type="Conditional" condition="!String.IsEqual(Window().Property(ds_mainmenu_hidden),true)" reversible="true">
			<effect type="slide" start="0,0" end="20,0" time="180" tween="sine" />
		</animation>
	</include>
	<include name="dsa_delayed_menulabel_fadeout">
		<animation type="Conditional" condition="String.IsEqual(Window().Property(ds_mainmenu_hidden),true)" reversible="false">
			<effect type="fade" start="100" end="0" time="250" />
		</animation>
	</include>
	<include name="dsa_quick_fade_on_change">
		<animation effect="fade" start="0" end="100" time="200" tween="sine">VisibleChange</animation>
	</include>
	<!-- CUSTOM CONTROLS -->
	<!-- Copy of Includes_Buttons.ButtonMenuList but Horizontal. -->
	<include name="ButtonMenuListHorizontal">
		<left>0</left>
		<top>80</top>
		<width>600</width>
		<height>700</height>
		<onleft>9000</onleft>
		<onright>9000</onright>
		<onup>9000</onup>
		<ondown>9000</ondown>
		<orientation>horizontal</orientation>
		<itemlayout height="70" width="600">
			<control type="image">
				<left>0</left>
				<top>0</top>
				<width>600</width>
				<height>70</height>
				<texture colordiffuse="dialog_tint">colors/white.png</texture>
			</control>
			<control type="label">
				<left>0</left>
				<textoffsetx>20</textoffsetx>
				<top>0</top>
				<width>600</width>
				<height>70</height>
				<align>center</align>
				<aligny>center</aligny>
				<textcolor>grey</textcolor>
				<label>$INFO[ListItem.Label]</label>
			</control>
		</itemlayout>
		<focusedlayout height="70" width="600">
			<control type="image">
				<left>0</left>
				<top>0</top>
				<width>600</width>
				<height>70</height>
				<texture colordiffuse="dialog_tint">colors/white.png</texture>
			</control>
			<control type="image">
				<left>0</left>
				<top>0</top>
				<width>600</width>
				<height>70</height>
				<texture colordiffuse="button_focus">lists/focus.png</texture>
			</control>
			<control type="label">
				<left>0</left>
				<textoffsetx>20</textoffsetx>
				<top>0</top>
				<width>600</width>
				<height>70</height>
				<align>center</align>
				<aligny>center</aligny>
				<label>$INFO[ListItem.Label]</label>
			</control>
		</focusedlayout>
	</include>
	<include name="ds_dialog_yesno">
		<param name="window_id">900</param>
		<param name="width">800</param>
		<param name="height">380</param>
		<param name="title">Use Param 'title' to set this.</param>
		<param name="msg">Use Param 'msg' to set this.</param>
		<param name="yes_text">Yes</param>
		<param name="no_text">No</param>
		<param name="default_choice">2</param>
		<param name="yes_onclick1"></param>
		<param name="yes_onclick2"></param>
		<param name="yes_onclick3"></param>
		<param name="yes_onclick4"></param>
		<param name="yes_cond1">true</param>
		<param name="yes_cond2">true</param>
		<param name="yes_cond3">true</param>
		<param name="yes_cond4">true</param>
		<param name="no_onclick1"></param>
		<param name="no_onclick2"></param>
		<param name="no_onclick3"></param>
		<param name="no_onclick4"></param>
		<param name="no_cond1">true</param>
		<param name="no_cond2">true</param>
		<param name="no_cond3">true</param>
		<param name="no_cond4">true</param>
		<definition>
			<defaultcontrol>$PARAM[window_id]0$PARAM[default_choice]</defaultcontrol>
			<include>Animation_DialogPopupOpenClose</include>
			<controls>
				<control type="group">
					<centerleft>50%</centerleft>
					<centertop>50%</centertop>
					<width>$PARAM[width]</width>
					<height>$PARAM[height]</height>
					<include content="DialogBackgroundCommons">
						<param name="width" value="$PARAM[width]" />
						<param name="height" value="$PARAM[height]" />
						<param name="header_label" value="$PARAM[title]" />
						<param name="header_id" value="$PARAM[window_id]10" />
					</include>
					<control type="label">
						<left>0</left>
						<top>80</top>
						<width>$PARAM[width]</width>
						<height>$PARAM[height]</height>
						<align>center</align>
						<wrapmultiline>true</wrapmultiline>
						<textcolor>white</textcolor>
						<label>$PARAM[msg]</label>
					</control>
					<control type="grouplist" id="$PARAM[window_id]00">
						<left>0</left>
						<bottom>0</bottom>
						<width>$PARAM[width]</width>
						<height>100</height>
						<align>center</align>
						<itemgap>20</itemgap>
						<onup>$PARAM[window_id]00</onup>
						<ondown>$PARAM[window_id]00</ondown>
						<orientation>horizontal</orientation>
						<include content="ds_dialog_btn">
							<param name="id" value="$PARAM[window_id]01" />
							<param name="label" value="$PARAM[yes_text]" />
							<param name="onclick0" value="dialog.close($PARAM[window_id])" />
							<param name="onclick1" value="$PARAM[yes_onclick1]" />
							<param name="onclick2" value="$PARAM[yes_onclick2]" />
							<param name="onclick3" value="$PARAM[yes_onclick3]" />
							<param name="onclick4" value="$PARAM[yes_onclick4]" />
							<param name="condition1" value="$PARAM[yes_cond1]" />
							<param name="condition2" value="$PARAM[yes_cond2]" />
							<param name="condition3" value="$PARAM[yes_cond3]" />
							<param name="condition4" value="$PARAM[yes_cond4]" />
						</include>
						<include content="ds_dialog_btn">
							<param name="id" value="$PARAM[window_id]02" />
							<param name="label" value="$PARAM[no_text]" />
							<param name="onclick0" value="dialog.close($PARAM[window_id])" />
							<param name="onclick1" value="$PARAM[no_onclick1]" />
							<param name="onclick2" value="$PARAM[no_onclick2]" />
							<param name="onclick3" value="$PARAM[no_onclick3]" />
							<param name="onclick4" value="$PARAM[no_onclick4]" />
							<param name="condition1" value="$PARAM[no_cond1]" />
							<param name="condition2" value="$PARAM[no_cond2]" />
							<param name="condition3" value="$PARAM[no_cond3]" />
							<param name="condition4" value="$PARAM[no_cond4]" />
						</include>
					</control>
				</control>
			</controls>
		</definition>
	</include>
	<include name="ds_dialog_btn">
		<param name="width">300</param>
		<param name="height">100</param>
		<param name="wrapmultiline">false</param>
		<param name="font">font25_title</param>
		<param name="id"></param>
		<param name="label"></param>
		<param name="onclick0"></param>
		<param name="onclick1"></param>
		<param name="onclick2"></param>
		<param name="onclick3"></param>
		<param name="onclick4"></param>
		<param name="condition0">true</param>
		<param name="condition1">true</param>
		<param name="condition2">true</param>
		<param name="condition3">true</param>
		<param name="condition4">true</param>
		<param name="visible">true</param>
		<definition>
			<control type="button" id="$PARAM[id]">
				<width>$PARAM[width]</width>
				<height>$PARAM[height]</height>
				<label>$PARAM[label]</label>
				<font>$PARAM[font]</font>
				<textoffsetx>20</textoffsetx>
				<onclick condition="$PARAM[condition0]">$PARAM[onclick0]</onclick>
				<onclick condition="$PARAM[condition1]">$PARAM[onclick1]</onclick>
				<onclick condition="$PARAM[condition2]">$PARAM[onclick2]</onclick>
				<onclick condition="$PARAM[condition3]">$PARAM[onclick3]</onclick>
				<onclick condition="$PARAM[condition4]">$PARAM[onclick4]</onclick>
				<wrapmultiline>$PARAM[wrapmultiline]</wrapmultiline>
				<align>center</align>
				<texturefocus border="40" colordiffuse="button_focus">buttons/dialogbutton-fo.png</texturefocus>
				<texturenofocus border="40">buttons/dialogbutton-nofo.png</texturenofocus>
				<visible>$PARAM[visible]</visible>
			</control>
		</definition>
	</include>
	<include name="ds_IconButton">
		<param name="height">120</param>
		<param name="onunfocus">SetProperty(ds_setdesc,)</param>
		<param name="enable">true</param>
		<param name="visible">true</param>
		<definition>
			<control type="radiobutton" id="$PARAM[control_id]">
				<width>120</width>
				<height>$PARAM[height]</height>
				<align>center</align>
				<aligny>center</aligny>
				<onfocus>$PARAM[onfocus]</onfocus>
				<onunfocus>$PARAM[onunfocus]</onunfocus>
				<onclick>$PARAM[onclick]</onclick>
				<onclick>$PARAM[onclick_2]</onclick>
				<font></font>
				<label>$PARAM[label]</label>
				<texturefocus />
				<texturenofocus />
				<radioposx>40</radioposx>
				<radioposy>0</radioposy>
				<radiowidth>40</radiowidth>
				<radioheight>40</radioheight>
				<textureradioonfocus colordiffuse="selected">$PARAM[icon]</textureradioonfocus>
				<textureradioonnofocus colordiffuse="grey">$PARAM[icon]</textureradioonnofocus>
				<textureradioofffocus colordiffuse="selected">$PARAM[icon]</textureradioofffocus>
				<textureradiooffnofocus colordiffuse="grey">$PARAM[icon]</textureradiooffnofocus>
				<enable>$PARAM[enable]</enable>
				<visible>$PARAM[visible]</visible>
			</control>
		</definition>
	</include>
	<include name="ds_power">
		<param name="height">100</param>
		<param name="onunfocus">SetProperty(ds_setdesc,)</param>
		<param name="enable">true</param>
		<param name="visible">true</param>
		<param name="onleft" />
		<param name="onright" />
		<param name="onup" />
		<param name="ondown" />
		<definition>
			<control type="group">
				<width>100</width>
				<height>55</height>

				<control type="label">
					<width>100%</width>
					<height>100%</height>
					<font>netN</font>
					<textcolor>disabled</textcolor>
					<label>$PARAM[label]</label>
					<visible>!Control.HasFocus($PARAM[control_id])</visible>
				</control>

				<control type="label">
					<width>100%</width>
					<height>100%</height>
					<font>netB</font>
					<textcolor>white</textcolor>
					<label>$PARAM[label]</label>
					<visible>Control.HasFocus($PARAM[control_id])</visible>
				</control>

				<control type="button" id="$PARAM[control_id]">
					<width>100%</width>
					<height>100%</height>
					<onfocus>$PARAM[onfocus]</onfocus>
					<onunfocus>$PARAM[onunfocus]</onunfocus>
					<onclick>$PARAM[onclick]</onclick>
					<onclick>$PARAM[onclick_2]</onclick>
					<onleft>$PARAM[onleft]</onleft>
					<onright>$PARAM[onright]</onright>
					<onup>$PARAM[onup]</onup>
					<ondown>$PARAM[ondown]</ondown>
					<texturefocus />
					<texturenofocus />
					<label></label>
					<enable>$PARAM[enable]</enable>
					<visible>$PARAM[visible]</visible>
				</control>
			</control>
		</definition>
	</include>
	<include name="shutdownmenu_defaultcontrol">
		<definition>
			<defaultcontrol>$PARAM[id]</defaultcontrol>
			<onload>SetFocus($PARAM[id],0)</onload>
		</definition>
	</include>
	<include name="ds_titlebar">
		<param name="header_id">2</param>
		<param name="header_label">Titlebar</param>
		<definition>
			<control type="group">
				<height>80</height>
				<control type="image">
					<texture colordiffuse="dialog_tint">colors/white.png</texture>
				</control>
				<control type="image">
					<height>70</height>
					<texture colordiffuse="button_focus" border="2">colors/white70.png</texture>
				</control>
				<control type="label" id="$PARAM[header_id]">
					<left>40</left>
					<right>100</right>
					<height>70</height>
					<font>font32_title</font>
					<label>$PARAM[header_label]</label>
					<aligny>center</aligny>
					<shadowcolor>black</shadowcolor>
				</control>
				<control type="image">
					<right>10</right>
					<top>11</top>
					<width>48</width>
					<height>48</height>
					<texture colordiffuse="EEFFFFFF">$VAR[ds_kodi_icon]</texture>
				</control>
			</control>
		</definition>
	</include>
</includes>
