<?xml version="1.0" encoding="UTF-8"?>
<window>
  <defaultcontrol always="true">301</defaultcontrol>
  <backgroundcolor>background</backgroundcolor>
  <onunload>ClearProperty(menuItemLabel,10000)</onunload>
  <onload>SetProperty(DEBUG,0)</onload>
  <controls>
    <include>DefaultBackground</include>
    <control type="multiimage">
      <depth>DepthBackground</depth>
      <include>FullScreenDimensions</include>
      <aspectratio>scale</aspectratio>
      <fadetime>600</fadetime>
      <animation effect="zoom" center="auto" end="102,102" time="0" condition="Integer.IsGreater(System.StereoscopicMode,0)">conditional</animation>
      <animation effect="fade" start="0" end="100" time="400">WindowOpen</animation>
      <animation effect="fade" start="100" end="0" time="300">WindowClose</animation>
      <animation effect="fade" time="400">VisibleChange</animation>
      <imagepath background="true" colordiffuse="bg_overlay">$INFO[Skin.String(HomeFanart.path)]settings$INFO[Skin.String(HomeFanart.ext)]</imagepath>
      <visible>!Player.HasMedia + !String.IsEmpty(Skin.String(HomeFanart.path))</visible>
    </control>
    <control type="textbox">
      <top>10</top>
      <font>font_MainMenu</font>
      <align>center</align>
      <label>Main Menu Items</label>
      <visible>String.IsEqual(Window.Property(groupname),mainmenu)</visible>
    </control>
    <control type="textbox">
      <top>10</top>
      <font>font_MainMenu</font>
      <align>center</align>
      <label>Widgets for $INFO[Window(10000).Property(menuItemLabel)]</label>
      <visible>!String.IsEqual(Window.Property(groupname),mainmenu)</visible>
    </control>
    <control type="group">
      <!-- ==============================
        SkinShortcuts Management Dialog
        https://github.com/MikeSiLVO/script.skinshortcuts/blob/master/docs/started/Management%20Dialog.md
      =================================== -->
      <top>100</top>
      <left>50</left>
      <bottom>50</bottom>
      <right>50</right>
      <control type="group">
        <control type="image">
          <!-- DEBUG CODE -->
          <width>720</width>
          <height>100%</height>
          <texture colordiffuse="FF00FF00">dstv/test.png</texture>
          <visible>Integer.IsGreater(Window.Property(DEBUG),0)</visible>
        </control>
        <control type="image">
          <!-- DEBUG CODE -->
          <left>720</left>
          <width>1100</width>
          <height>700</height>
          <texture colordiffuse="FF0000FF">dstv/test.png</texture>
          <visible>Integer.IsGreater(Window.Property(DEBUG),0)</visible>
        </control>
        <control type="image">
          <!-- DEBUG CODE -->
          <bottom>0</bottom>
          <right>0</right>
          <width>1100</width>
          <height>230</height>
          <texture colordiffuse="FFFF0000">dstv/test.png</texture>
          <visible>Integer.IsGreater(Window.Property(DEBUG),0)</visible>
        </control>
        <visible>String.IsEmpty(Window.Property(additionalDialog))</visible>
        <control type="group">
          <!-- LEFT SIDE: Menu Items List -->
          <control type="list" id="211">
            <width>720</width>
            <height>100%</height>
            <onright>9000</onright>
            <scrolltime>0</scrolltime>
            <itemlayout height="80" width="720">
              <control type="group">
                <!-- Icon (unselected) -->
                <control type="image">
                  <width>80</width>
                  <texture>$INFO[ListItem.Icon]</texture>
                </control>
                <!-- Menu Item (unselected) -->
                <control type="label">
                  <left>80</left>
                  <width>390</width>
                  <font>font45</font>
                  <aligny>center</aligny>
                  <textcolor>white</textcolor>
                  <label>$VAR[ds_menu_item_text]</label>
                  <visible>String.IsEmpty(Window(10000).Property(menuItemLabel))</visible>
                </control>
                <!-- Widget Item (unselected) -->
                <control type="label">
                  <left>80</left>
                  <width>390</width>
                  <font>font45</font>
                  <aligny>center</aligny>
                  <textcolor>white</textcolor>
                  <label>$VAR[ds_menu_widget_text]</label>
                  <visible>!String.IsEmpty(Window(10000).Property(menuItemLabel))</visible>
                </control>
              </control>
            </itemlayout>
            <focusedlayout height="80" width="720">
              <!-- Highlight bar -->
              <control type="image">
                <texture colordiffuse="button_focus" border="4">lists/focus.png</texture>
                <animation effect="fade" start="100" end="30" time="250" tween="sine" easing="inout" condition="!ControlGroup(90000).HasFocus">Conditional</animation>
              </control>
              <!-- Icon (selected) -->
              <control type="image">
                <width>80</width>
                <texture colordiffuse="background">$INFO[ListItem.Icon]</texture>
              </control>
              <!-- Menu Item (selected) -->
              <control type="label">
                <left>80</left>
                <width>390</width>
                <font>font45</font>
                <aligny>center</aligny>
                <textcolor>background</textcolor>
                <label>$VAR[ds_menu_item_text]</label>
                <visible>String.IsEmpty(Window(10000).Property(menuItemLabel))</visible>
                <scroll>true</scroll>
              </control>
              <!-- Widget Item (selected) -->
              <control type="label">
                <left>80</left>
                <width>390</width>
                <font>font45</font>
                <aligny>center</aligny>
                <textcolor>background</textcolor>
                <label>$VAR[ds_menu_widget_text]</label>
                <visible>!String.IsEmpty(Window(10000).Property(menuItemLabel))</visible>
                <scroll>true</scroll>
              </control>
            </focusedlayout>
          </control>
          <control type="grouplist" id="90000">
            <!-- Menu item adjustments [x R ^ v +] tab -->
            <left>470</left>
            <width>250</width>
            <height>80</height>
            <onright>90001</onright>
            <onup>Control.Move(211,-1)</onup>
            <ondown>Control.Move(211,1)</ondown>
            <orientation>horizontal</orientation>
            <itemgap>-40</itemgap>
            <animation effect="slide" end="0,81" condition="Integer.IsGreater(Container(211).Position,0)">Conditional</animation>
            <animation effect="slide" end="0,81" condition="Integer.IsGreater(Container(211).Position,1)">Conditional</animation>
            <animation effect="slide" end="0,81" condition="Integer.IsGreater(Container(211).Position,2)">Conditional</animation>
            <animation effect="slide" end="0,81" condition="Integer.IsGreater(Container(211).Position,3)">Conditional</animation>
            <animation effect="slide" end="0,81" condition="Integer.IsGreater(Container(211).Position,4)">Conditional</animation>
            <animation effect="slide" end="0,81" condition="Integer.IsGreater(Container(211).Position,5)">Conditional</animation>
            <animation effect="slide" end="0,81" condition="Integer.IsGreater(Container(211).Position,6)">Conditional</animation>
            <animation effect="slide" end="0,81" condition="Integer.IsGreater(Container(211).Position,7)">Conditional</animation>
            <animation effect="slide" end="0,81" condition="Integer.IsGreater(Container(211).Position,8)">Conditional</animation>
            <animation effect="slide" end="0,81" condition="Integer.IsGreater(Container(211).Position,9)">Conditional</animation>
            <animation effect="slide" end="0,81" condition="Integer.IsGreater(Container(211).Position,10)">Conditional</animation>
            <control type="button" id="302">
              <!-- x : delete -->
              <label>&#xe5cd;</label>
              <width>80</width>
              <align>center</align>
              <font>IconMediumMD</font>
              <textcolor>info_background</textcolor>
              <focusedcolor>selected</focusedcolor>
              <texturefocus />
              <texturenofocus />
              <onclick>SetFocus(301)</onclick>
              <onfocus>SetProperty(ds_setdesc, "Delete this Menu Item.")</onfocus>
            </control>
            <control type="button" id="308">
              <!-- R : restore -->
              <label>&#xe8ba;</label>
              <right></right>
              <width>80</width>
              <align>center</align>
              <font>IconMediumSM</font>
              <textcolor>info_background</textcolor>
              <focusedcolor>selected</focusedcolor>
              <texturefocus />
              <texturenofocus />
              <onfocus>SetProperty(ds_setdesc, "Restore a pre-made Menu Item or reset the whole menu from defaults.")</onfocus>
            </control>
            <control type="button" id="303">
              <!-- ^ : move up -->
              <label>&#xe5d8;</label>
              <width>80</width>
              <align>center</align>
              <font>IconMediumMD</font>
              <textcolor>info_background</textcolor>
              <focusedcolor>selected</focusedcolor>
              <texturefocus />
              <texturenofocus />
              <onfocus>SetProperty(ds_setdesc, "Move Up.")</onfocus>
            </control>
            <control type="button" id="304">
              <!-- v : move down -->
              <label>&#xe5db;</label>
              <width>80</width>
              <align>center</align>
              <font>IconMediumMD</font>
              <textcolor>info_background</textcolor>
              <focusedcolor>selected</focusedcolor>
              <texturefocus />
              <texturenofocus />
              <onfocus>SetProperty(ds_setdesc, "Move Down.")</onfocus>
            </control>
            <control type="button" id="301">
              <!-- + : add -->
              <label>&#xe145;</label>
              <width>80</width>
              <align>center</align>
              <font>IconMediumMD</font>
              <textcolor>info_background</textcolor>
              <focusedcolor>selected</focusedcolor>
              <texturefocus />
              <texturenofocus />
              <onclick>SetFocus(305)</onclick>
              <onfocus condition="String.IsEqual(Window.Property(groupname),mainmenu)">SetProperty(ds_setdesc, "Add new Menu Item.")</onfocus>
              <onfocus condition="!String.IsEqual(Window.Property(groupname),mainmenu)">SetProperty(ds_setdesc, "Add new Widget.")</onfocus>
            </control>
          </control>

          <!-- RIGHT SIDE: Menu Item Options -->
          <control type="group" id="9000">
            <left>720</left>
            <width>1100</width>
            <height>700</height>

            <control type="image">
              <!-- Vertical Line Separator -->
              <width>2</width>
              <height>930</height>
              <texture colordiffuse="button_focus">lists/focus.png</texture>
            </control>
            <control type="image">
              <!-- Horizontal Line Separator -->
              <top>700</top>
              <height>2</height>
              <texture colordiffuse="button_focus">lists/focus.png</texture>
            </control>

            <control type="group" id="90001">
              <!-- (1/2) Menu Item's Options -->
              <visible>String.IsEqual(Window.Property(groupname),mainmenu)</visible>
              <control type="grouplist" id="9001">
                <visible>!String.IsEqual(Container(211).ListItem.Property(skinshortcuts-disabled),True)</visible>
                <onleft>301</onleft>
                <onup>405</onup>
                <ondown>305</ondown>
                <!--
								<control type="button" id="401">
									<label>Choose premade item to autofill menu (will override choices below)</label>
									<onfocus>SetProperty(ds_setdesc, "Choose an auto-fill shortcut")</onfocus>
									<include>DefaultSettingButton</include>
									<width>1125</width>
								</control>
                -->
                <!-- Label -->
                <control type="button" id="305">
                  <include>DefaultSettingButton</include>
                  <label>Label</label>
                  <onfocus>SetProperty(ds_setdesc, "Change the label of this menu item.")</onfocus>
                  <label2>[COLOR grey]$INFO[Container(211).ListItem.Label][/COLOR]</label2>
                </control>
                <!-- Icon -->
                <control type="button" id="306">
                  <include>DefaultSettingButton</include>
                  <label>Icon</label>
                  <onfocus>SetProperty(ds_setdesc, "Change the icon of this menu item.")</onfocus>
                  <label2>[COLOR grey]$INFO[Container(211).ListItem.Icon][/COLOR]</label2>
                  <enable>!String.IsEqual(Container(211).ListItem.Label,&lt;None&gt;)</enable>
                </control>
                <!-- OnClick Action -->
                <control type="button" id="307">
                  <include>DefaultSettingButton</include>
                  <label>OnClick Action</label>
                  <onfocus>SetProperty(ds_setdesc, "Change the action when this menu item is clicked (set to noop for none).")</onfocus>
                  <label2>[COLOR grey]$INFO[Container(211).ListItem.Property(displaypath)][/COLOR]</label2>
                  <visible>!String.IsEqual(Container(211).ListItem.Label,&lt;None&gt;)</visible>
                </control>
                <!-- Hack to show 307 as disabled -->
                <control type="button" id="1307">
                  <include>DefaultSettingButton</include>
                  <label>OnClick Action</label>
                  <enable>false</enable>
                  <visible>String.IsEqual(Container(211).ListItem.Label,&lt;None&gt;)</visible>
                </control>
                <!-- Manage Widgets -->
                <control type="button" id="405">
                  <include>DefaultSettingButton</include>
                  <label>Manage Widgets</label>
                  <onfocus>SetProperty(ds_setdesc, "Edit the widgets displayed for the $INFO[Container(211).ListItem.Label] menu item.")</onfocus>
                  <onfocus>ClearProperty(menuItemLabel,10000)</onfocus>
                  <onclick>SetProperty(menuItemLabel,$INFO[Container(211).ListItem.Label],10000)</onclick>
                  <enable>!String.IsEqual(Container(211).ListItem.Label,&lt;None&gt;)</enable>
                </control>
              </control>
            </control>

            <control type="group" id="90001">
              <!-- (2/2) Widget Options -->
              <visible>!String.IsEqual(Window.Property(groupname),mainmenu)</visible>
              <control type="grouplist" id="9001">
                <onleft>301</onleft>
                <onup>9105</onup>
                <ondown>305</ondown>
                <itemgap>15</itemgap>
                <visible>!String.IsEqual(Container(211).ListItem.Property(skinshortcuts-disabled),True)</visible>
                <!-- Widget Label -->
                <control type="button" id="305">
                  <include>DefaultSettingButton</include>
                  <label>Widget Label</label>
                  <onfocus>SetProperty(ds_setdesc, "Change the label for this widget.")</onfocus>
                  <label2>[COLOR grey]$INFO[Container(211).ListItem.Label][/COLOR]</label2>
                </control>
                <!-- Widget Source -->
                <control type="button" id="312">
                  <include>DefaultSettingButton</include>
                  <label>Widget Source</label>
                  <onfocus>SetProperty(ds_setdesc, "Change the content source for this widget.")</onfocus>
                  <label2>[COLOR grey]$INFO[Container(211).ListItem.Property(widgetName)][/COLOR]</label2>
                  <enable>!String.IsEqual(Container(211).ListItem.Label,&lt;None&gt;)</enable>
                </control>
                <!-- Sort By -->
                <control type="button" id="9102">
                  <include>DefaultSettingButton</include>
                  <label>Sort By</label>
                  <onfocus>SetProperty(ds_setdesc, "Change the sort by attribute for this widget.")</onfocus>
                  <label2>[COLOR selected]$VAR[ds_WidgetSortByVar][/COLOR]</label2>
                  <enable>!String.IsEmpty(Container(211).ListItem.Property(widgetPath))</enable>
                </control>
                <!-- Sort Order -->
                <control type="button" id="9103">
                  <label>Sort Order</label>
                  <include>DefaultSettingButton</include>
                  <onfocus>SetProperty(ds_setdesc, "Change the sort direction for this widget.")</onfocus>
                  <label2>[COLOR selected]$VAR[ds_WidgetSortOrderVar][/COLOR]</label2>
                  <onclick condition="String.IsEmpty(Container(211).ListItem.Property(widgetSortOrder))">SetProperty(customProperty,widgetSortOrder)</onclick>
                  <onclick condition="String.IsEmpty(Container(211).ListItem.Property(widgetSortOrder))">SetProperty(customValue,ascending)</onclick>
                  <onclick condition="String.IsEqual(Container(211).ListItem.Property(widgetSortOrder),ascending)">SetProperty(customProperty,widgetSortOrder)</onclick>
                  <onclick condition="String.IsEqual(Container(211).ListItem.Property(widgetSortOrder),ascending)">SetProperty(customValue,descending)</onclick>
                  <onclick condition="String.IsEqual(Container(211).ListItem.Property(widgetSortOrder),descending)">SetProperty(customProperty,widgetSortOrder)</onclick>
                  <onclick>SendClick(404)</onclick>
                  <enable>!String.IsEmpty(Container(211).ListItem.Property(widgetPath))</enable>
                </control>
                <!-- Display Limit -->
                <control type="button" id="9104">
                  <include>DefaultSettingButton</include>
                  <label>Display Limit</label>
                  <onfocus>SetProperty(ds_setdesc, "Change the limit of the number of items this widget should display.")</onfocus>
                  <label2>[COLOR selected]$VAR[ds_WidgetLimitVar][/COLOR]</label2>
                  <enable>!String.IsEmpty(Container(211).ListItem.Property(widgetPath))</enable>
                </control>
                <!-- Display Titles -->
                <control type="button" id="9105">
                  <include>DefaultSettingButton</include>
                  <label>Display Titles</label>
                  <onfocus>SetProperty(ds_setdesc, "Toggle whether to display titles text.")</onfocus>
                  <label2>[COLOR selected]$VAR[ds_WidgetDisplayTitlesVar][/COLOR]</label2>
                  <onclick condition="!String.IsEmpty(Container(211).ListItem.Property(displayTitles))">SetProperty(customProperty,displayTitles)</onclick>
                  <onclick condition="String.IsEmpty(Container(211).ListItem.Property(displayTitles))">SetProperty(customProperty,displayTitles)</onclick>
                  <onclick condition="String.IsEmpty(Container(211).ListItem.Property(displayTitles))">SetProperty(customValue,true)</onclick>
                  <onclick>SendClick(404)</onclick>
                  <enable>!String.IsEmpty(Container(211).ListItem.Property(widgetPath))</enable>
                </control>
              </control>

              <control type="label">
                <!-- Widget Source URL -->
                <left>35</left>
                <right>35</right>
                <top>130</top>
                <height>50</height>
                <font>font27</font>
                <scroll>true</scroll>
                <scrollspeed>80</scrollspeed>
                <label>$INFO[Container(211).ListItem.Property(widgetPath)]</label>
                <textcolor>button_focus</textcolor>
                <texture colordiffuse="FFFF0000">dstv/test.png</texture>
              </control>
            </control>

          </control>
        </control>

        <!-- Display description of SetProperty(ds_setdesc, "my description") -->
        <control type="textbox">
          <bottom>10</bottom>
          <right>10</right>
          <width>1070</width>
          <height>210</height>
          <font>font37</font>
          <align>justify</align>
          <textcolor>button_focus</textcolor>
          <label>$VAR[ds_DescriptionVar]</label>
          <autoscroll time="3000" delay="3000" repeat="5000">true</autoscroll>
        </control>

      </control>
    </control>

    <control type="button" id="404">
      <!--
        Custom SkinShortcuts method that accepts two parameters values:
            - required: SetProperty(customProperty,<yourPropertyName>)
            - optional: SetProperty(customValue,<yourPropertyValue>)
        Then when SendClick(404) is called this method will take the property-value pair
        and attach them to the listitem object.
      -->
      <include>HiddenObject</include>
    </control>

    <control type="group">
      <!-- Loading Spinner for when skinshortcuts is loading the Edit Menu section -->
      <include>FullscreenDimensions</include>
      <animation effect="fade" start="0" end="100" time="300">Visible</animation>
      <animation effect="fade" start="100" end="0" time="200">Hidden</animation>
      <visible>!String.IsEmpty(Window(home).Property(skinshortcuts-loading))</visible>
      <control type="button">
        <texturefocus colordiffuse="D0FFFFFF">colors/black.png</texturefocus>
        <texturenofocus colordiffuse="D0FFFFFF">colors/black.png</texturenofocus>
        <onclick>noop</onclick>
        <label>$INFO[Window(home).Property(skinshortcuts-loading)]</label>
      </control>
      <control type="group">
				<centerleft>50%</centerleft>
				<centertop>50%</centertop>
				<control type="image">
					<centerleft>50%</centerleft>
					<centertop>50%</centertop>
					<width>100</width>
					<height>100</height>
					<aspectratio>keep</aspectratio>
					<texture>special://skin/gif/netflix.png</texture>
					<animation effect="rotate"
									center="auto"
									start="360" end="0"
									time="1000"
									loop="true"
									condition="true">Conditional</animation>
									<animation effect="fade" start="100" end="40" time="1000" delay="0" tween="sine" pulse="true" condition="true">Conditional</animation>
				</control>
			</control>
    </control>
    
  </controls>
</window>