<?xml version="1.0" encoding="UTF-8"?>
<!-- Default Shortcuts Doc: https://github.com/MikeSiLVO/script.skinshortcuts/blob/master/docs/Providing%20default%20shortcuts.md -->
<!-- NOTE: The empty xml-tags are REQUIRED!! Without them SkinShortcuts will fail to build the menu. -->
<shortcuts>
	<shortcut>
		<defaultID>mm-search</defaultID>
		<label>Search</label>
		<thumb>special://skin/extras/icons/widg icons/search3.png</thumb>
		<action>noop</action>
		<icon />
		<label2 />
	</shortcut>
	<shortcut>
		<defaultID>mm-movies</defaultID>
		<label>Movies</label>
		<thumb>special://skin/extras/icons/widg icons/home.png</thumb>
		<action>noop</action>
		<icon />
		<label2 />
	</shortcut>
	<shortcut>
		<defaultID>mm-tvshows</defaultID>
		<label>TV Shows</label>
		<thumb>special://skin/extras/icons/widg icons/clapperboard.png</thumb>
		<action>noop</action>
		<icon />
		<label2 />
	</shortcut>
	<shortcut>
		<defaultID>mm-streaming</defaultID>
		<label>Streammy</label>
		<thumb>special://skin/extras/icons/widg icons/categories.png</thumb>
		<action>noop</action>
		<icon />
		<label2 />
	</shortcut>
</shortcuts>