<?xml version="1.0" encoding="UTF-8"?>
<!-- Default Shortcuts Doc: https://github.com/MikeSiLVO/script.skinshortcuts/blob/master/docs/Providing%20default%20shortcuts.md -->
<!-- NOTE: The empty xml-tags are REQUIRED!! Without them SkinShortcuts will fail to build the menu. -->
<shortcuts>
	<shortcut>
		<label>Recording Status</label>
		<label2 />
		<icon />
		<action />
	</shortcut>
	<shortcut>
		<label>Live TV Categories</label>
		<label2 />
		<icon />
		<action />
	</shortcut>
	<shortcut>
		<label>All Channels</label>
		<label2 />
		<icon />
		<action />
	</shortcut>
	<shortcut>
		<label>TV Channel Groups</label>
		<label2 />
		<icon />
		<action />
	</shortcut>
	<shortcut>
		<label>Recently Played Channels</label>
		<label2 />
		<icon />
		<action />
	</shortcut>
	<shortcut>
		<label>Recent Recordings</label>
		<label2 />
		<icon />
		<action />
	</shortcut>
</shortcuts>
