<?xml version="1.0" encoding="UTF-8"?>
<!-- Default Shortcuts Doc: https://github.com/MikeSiLVO/script.skinshortcuts/blob/master/docs/Providing%20default%20shortcuts.md -->
<!-- NOTE: The empty xml-tags are REQUIRED!! Without them SkinShortcuts will fail to build the menu. -->
<shortcuts>
	<shortcut>
		<label>Unwatched Episodes</label>
		<label2 />
		<icon />
		<action />
	</shortcut>
	<shortcut>
		<label>Shows In Progress</label>
		<label2 />
		<icon />
		<action />
	</shortcut>
	<shortcut>
		<label>Unwatched Shows</label>
		<label2 />
		<icon />
		<action />
	</shortcut>
	<shortcut>
		<label>Shows By Title</label>
		<label2 />
		<icon />
		<action />
	</shortcut>
	<shortcut>
		<label>Genres</label>
		<label2 />
		<icon />
		<action />
	</shortcut>
	<shortcut>
		<label>Studios</label>
		<label2 />
		<icon />
		<action />
	</shortcut>
</shortcuts>