<?xml version="1.0" encoding="UTF-8"?>
<!-- Default Shortcuts Doc: https://github.com/MikeSiLVO/script.skinshortcuts/blob/master/docs/Providing%20default%20shortcuts.md -->
<!-- NOTE: The empty xml-tags are REQUIRED!! Without them SkinShortcuts will fail to build the menu. -->
<shortcuts>
	<shortcut>
		<label>Netflix</label>
		<label2 />
		<icon />
		<action />
	</shortcut>
	<shortcut>
		<label>Amazon Prime</label>
		<label2 />
		<icon />
		<action />
	</shortcut>
	<shortcut>
		<label>Disney+</label>
		<label2 />
		<icon />
		<action />
	</shortcut>
	<shortcut>
		<label>Apple TV+</label>
		<label2 />
		<icon />
		<action />
	</shortcut>
</shortcuts>