<?xml version="1.0" encoding="UTF-8"?>
<!-- Default Shortcuts Doc: https://github.com/MikeSiLVO/script.skinshortcuts/blob/master/docs/Providing%20default%20shortcuts.md -->
<!-- NOTE: The empty xml-tags are REQUIRED!! Without them SkinShortcuts will fail to build the menu. -->
<shortcuts>
	<shortcut>
		<label>Conditions</label>
		<label2 />
		<icon />
		<action />
	</shortcut>
	<shortcut>
		<label>Hourly</label>
		<label2 />
		<icon />
		<action />
	</shortcut>
	<shortcut>
		<label>Forecast</label>
		<label2 />
		<icon />
		<action />
	</shortcut>
</shortcuts>