<?xml version="1.0" encoding="UTF-8"?>
<overrides>
	<!-- Disable renaming widget prompt when selecting Widget Source (button 312) -->
	<widgetRename>false</widgetRename>

	<!-- This setting will prevent the menu from being shared with other Skins -->
	<!-- WARNING: Dont share the menu, this skin generates it slightly differently and it will mess up other skin menus. -->
	<doNotShareMenu />

	<thumbnailBrowseDefault>special://skin/extras/icons/</thumbnailBrowseDefault>

	<!-- ===== WIDGET-EDIT SETTINGS ===== -->
	<!-- Create popup menu's to save custom properties -->
	<!-- Property Settings Doc: https://github.com/mikesilvo164/script.skinshortcuts/blob/master/docs/advanced/Custom%20shortcut%20properties.md -->
	<!-- displayType options -->
	<propertySettings property="displayType" buttonID="9101" title="Widget Display Type" showNone="false" requires="widgetPath" />
	<property property="displayType" icon="dstv/skinshortcuts/displaytype/poster.png" label="Posters">posters</property>
	<property property="displayType" icon="dstv/skinshortcuts/displaytype/square.png" label="Squares">squares</property>
	<property property="displayType" icon="dstv/skinshortcuts/displaytype/landscape.png" label="Landscape">landscape</property>
	<!-- widgetSortBy options -->
	<!-- additional sort options: https://codedocs.xyz/AlwinEsch/kodi/group__List__of__sort__methods.html -->
	<propertySettings property="widgetSortBy" buttonID="9102" title="SORT BY" showNone="true" requires="widgetPath" />
	<property property="widgetSortBy" label="Title">title</property>
	<property property="widgetSortBy" label="Date Added">dateadded</property>
	<property property="widgetSortBy" label="Date Released">year</property>
	<property property="widgetSortBy" label="Last Played (Media)">lastplayed</property>
	<property property="widgetSortBy" label="Last Used (Apps)">lastused</property>
	<property property="widgetSortBy" label="Random">random</property>
	<!-- widgetLimit options -->
	<propertySettings property="widgetLimit" buttonID="9104" title="Display Limit" showNone="true" requires="widgetPath" />
	<property property="widgetLimit" label="$NUMBER[5]">$NUMBER[5]</property>
	<property property="widgetLimit" label="$NUMBER[10]">$NUMBER[10]</property>
	<property property="widgetLimit" label="$NUMBER[15]">$NUMBER[15]</property>
	<property property="widgetLimit" label="$NUMBER[20]">$NUMBER[20]</property>
	<property property="widgetLimit" label="$NUMBER[25]">$NUMBER[25]</property>
	<property property="widgetLimit" label="$NUMBER[50]">$NUMBER[50]</property>
	<property property="widgetLimit" label="$NUMBER[75]">$NUMBER[75]</property>
	<property property="widgetLimit" label="$NUMBER[100]">$NUMBER[100]</property>
	
	<!-- Remove any default menu item properties that we don't need -->
	<propertySettings property="defaultID" templateonly="True" />
	<propertySettings property="group" templateonly="True" />
	<propertySettings property="isSubmenu" templateonly="True" />
	<propertySettings property="list" templateonly="True" />
	<propertySettings property="path" templateonly="True" />
	<propertySettings property="translatedPath" templateonly="True" />
	<propertySettings property="widget" templateonly="True" />
	<propertySettings property="widgetName" templateonly="True" />
	<propertySettings property="widgetType" templateonly="True" />
	<!-- widgetTarget/Content types: https://forum.kodi.tv/showthread.php?tid=299107 -->
	<propertySettings property="widgetTarget" templateonly="True" />
	
	<!-- Add custom property attributes with values -->
	<!-- Property Patterns Doc: https://github.com/MikeSiLVO/script.skinshortcuts/blob/master/docs/advanced/Property%20patterns.md -->
	<propertypattern group="mainmenu" property="myCustomProperty">foo</propertypattern>
	<propertypattern group="favourites" property="myCustomProperty">bar</propertypattern>

	<!-- ===== DEFAULT PRE-DEFINED WIDGETS AND THEIR DEFAULT PROPERTY VALUES ===== -->
	<!-- Manage Widgets Doc: https://github.com/mikesilvo164/script.skinshortcuts/blob/master/docs/advanced/Managing%20widgets.md -->
	<!-- NOTE1: group is the <label> tag from mainmenu.DATA.xml without spaces. -->
	<!-- NOTE2: labelID is the <label> tag from the mm-X.DATA.xml files without spaces -->
	
	<!-- Movies submenu widgets -->
	<widgetdefaultnode group="movies"		labelID="anticipatedmovies"		label="Anticipated Movies"		target="videos"		path="plugin://plugin.video.themoviedb.helper/?info=trakt_anticipated&amp;tmdb_type=movie&amp;widget=true&amp;reload=$INFO[Window(Home).Property(TMDbHelper.Widgets.Reload)]">ss_arbitrary_widget_name</widgetdefaultnode>
	<propertydefault group="movies"			labelID="anticipatedmovies"		property="widgetSortBy">year</propertydefault>
	<propertydefault group="movies"			labelID="anticipatedmovies"		property="widgetSortOrder">ascending</propertydefault>

	<widgetdefaultnode group="movies"		labelID="intheatres"			label="In Theatres"				target="videos"		path="plugin://plugin.video.themoviedb.helper/?info=discover&amp;tmdb_type=movie&amp;tmdb_id=None&amp;with_id=True&amp;with_separator=AND&amp;sort_by=popularity.desc&amp;primary_release_date.gte=t-20&amp;release_date.gte=t-20&amp;primary_release_date.lte=t%2B7&amp;release_date.lte=t%2B7&amp;with_release_type=2+%2F+3&amp;widget=true&amp;reload=$INFO[Window(Home).Property(TMDbHelper.Widgets.Reload)]">ss_arbitrary_widget_name</widgetdefaultnode>
	<widgetdefaultnode group="movies"		labelID="newmovies"				label="New Movies"				target="videos"		path="plugin://plugin.video.themoviedb.helper/?info=discover&amp;tmdb_type=movie&amp;tmdb_id=None&amp;with_id=True&amp;with_separator=AND&amp;sort_by=primary_release_date.desc&amp;primary_release_date.lte=t-0&amp;release_date.lte=t-0&amp;with_release_type=4+%2F+5+%2F+6&amp;vote_count.gte=5&amp;vote_average.gte=5&amp;widget=true&amp;reload=$INFO[Window(Home).Property(TMDbHelper.Widgets.Reload)]">ss_arbitrary_widget_name</widgetdefaultnode>
	<widgetdefaultnode group="movies"		labelID="popularnewmovies"		label="Popular New Movies"		target="videos"		path="plugin://plugin.video.themoviedb.helper/?info=discover&amp;tmdb_type=movie&amp;tmdb_id=None&amp;with_id=True&amp;with_separator=AND&amp;sort_by=primary_release_date.desc&amp;primary_release_date.lte=t-0&amp;release_date.lte=t-0&amp;with_release_type=4+%2F+5+%2F+6&amp;vote_count.gte=50&amp;vote_average.gte=5&amp;widget=true&amp;reload=$INFO[Window(Home).Property(TMDbHelper.Widgets.Reload)]">ss_arbitrary_widget_name</widgetdefaultnode>
	<widgetdefaultnode group="movies"		labelID="popularmovies"			label="Popular Movies"			target="videos"		path="plugin://plugin.video.themoviedb.helper/?info=discover&amp;tmdb_type=movie&amp;tmdb_id=None&amp;with_id=True&amp;with_separator=AND&amp;sort_by=popularity.desc&amp;primary_release_date.lte=t-31&amp;release_date.lte=t-31&amp;widget=true&amp;reload=$INFO[Window(Home).Property(TMDbHelper.Widgets.Reload)]">ss_arbitrary_widget_name</widgetdefaultnode>
	<widgetdefaultnode group="movies"		labelID="toprated"				label="Top Rated"				target="videos"		path="plugin://plugin.video.themoviedb.helper/?info=discover&amp;tmdb_type=movie&amp;tmdb_id=None&amp;with_id=True&amp;with_separator=AND&amp;sort_by=vote_average.desc&amp;primary_release_date.gte=t-365&amp;vote_count.gte=100&amp;widget=true&amp;reload=$INFO[Window(Home).Property(TMDbHelper.Widgets.Reload)]">ss_arbitrary_widget_name</widgetdefaultnode>
	<widgetdefaultnode group="movies"		labelID="mostvoted"				label="Most Voted"				target="videos"		path="plugin://plugin.video.themoviedb.helper/?info=discover&amp;tmdb_type=movie&amp;tmdb_id=None&amp;with_id=True&amp;with_separator=AND&amp;sort_by=vote_count.desc&amp;primary_release_date.gte=t-365&amp;primary_release_date.lte=t-31&amp;release_date.gte=t-365&amp;release_date.lte=t-31&amp;widget=true&amp;reload=$INFO[Window(Home).Property(TMDbHelper.Widgets.Reload)]">ss_arbitrary_widget_name</widgetdefaultnode>
	
	<widgetdefaultnode group="movies"		labelID="moviegenres"			label="Movie Genres"			target="videos"		path="plugin://plugin.video.themoviedb.helper/?info=genres&amp;tmdb_type=movie&amp;widget=true&amp;reload=$INFO[Window(Home).Property(TMDbHelper.Widgets.Reload)]">ss_arbitrary_widget_name</widgetdefaultnode>
	<propertydefault group="movies"			labelID="moviegenres"			property="displayType">squares</propertydefault>
	<propertydefault group="movies"			labelID="moviegenres"			property="displayTitles">true</propertydefault>
	
	<!-- TV Shows submenu widgets -->
	<widgetdefaultnode group="tvshows"		labelID="anticipatedtvshows"	label="Anticipated TV Shows"	target="videos"		path="plugin://plugin.video.themoviedb.helper/?info=trakt_anticipated&amp;tmdb_type=tv&amp;widget=true&amp;reload=$INFO[Window(Home).Property(TMDbHelper.Widgets.Reload)]">ss_arbitrary_widget_name</widgetdefaultnode>
	<propertydefault group="tvshows"		labelID="anticipatedtvshows"	property="widgetSortBy">year</propertydefault>
	<propertydefault group="tvshows"		labelID="anticipatedtvshows"	property="widgetSortOrder">ascending</propertydefault>

	<widgetdefaultnode group="tvshows"		labelID="newtvshows"			label="New TV Shows"			target="videos"		path="plugin://plugin.video.themoviedb.helper/?info=discover&amp;tmdb_type=tv&amp;tmdb_id=None&amp;with_id=True&amp;with_separator=AND&amp;sort_by=first_air_date.desc&amp;first_air_date.lte=t-0&amp;vote_count.gte=5&amp;vote_average.gte=5&amp;widget=true&amp;reload=$INFO[Window(Home).Property(TMDbHelper.Widgets.Reload)]">ss_arbitrary_widget_name</widgetdefaultnode>
	<widgetdefaultnode group="tvshows"		labelID="popularnewtv"			label="Popular New TV"			target="videos"		path="plugin://plugin.video.themoviedb.helper/?info=discover&amp;tmdb_type=tv&amp;tmdb_id=None&amp;with_id=True&amp;with_separator=AND&amp;sort_by=first_air_date.desc&amp;first_air_date.lte=t-0&amp;vote_count.gte=50&amp;vote_average.gte=5&amp;widget=true&amp;reload=$INFO[Window(Home).Property(TMDbHelper.Widgets.Reload)]">ss_arbitrary_widget_name</widgetdefaultnode>
	<widgetdefaultnode group="tvshows"		labelID="popularontv"			label="Popular on TV"			target="videos"		path="plugin://plugin.video.themoviedb.helper/?info=discover&amp;tmdb_type=tv&amp;tmdb_id=None&amp;with_id=True&amp;with_separator=AND&amp;sort_by=popularity.desc&amp;first_air_date.gte=t-2000&amp;first_air_date.lte=t-31&amp;vote_count.gte=50&amp;vote_average.gte=5&amp;widget=true&amp;reload=$INFO[Window(Home).Property(TMDbHelper.Widgets.Reload)]">ss_arbitrary_widget_name</widgetdefaultnode>
	<widgetdefaultnode group="tvshows"		labelID="topratedtv"			label="Top Rated TV"			target="videos"		path="plugin://plugin.video.themoviedb.helper/?info=discover&amp;tmdb_type=tv&amp;tmdb_id=None&amp;with_id=True&amp;with_separator=AND&amp;sort_by=vote_average.desc&amp;first_air_date.gte=t-365&amp;vote_count.gte=100&amp;widget=true&amp;reload=$INFO[Window(Home).Property(TMDbHelper.Widgets.Reload)]">ss_arbitrary_widget_name</widgetdefaultnode>
	<widgetdefaultnode group="tvshows"		labelID="mostvotedtv"			label="Most Voted TV"			target="videos"		path="plugin://plugin.video.themoviedb.helper/?info=discover&amp;tmdb_type=tv&amp;tmdb_id=None&amp;with_id=True&amp;with_separator=AND&amp;sort_by=vote_count.desc&amp;first_air_date.gte=t-365&amp;widget=true&amp;reload=$INFO[Window(Home).Property(TMDbHelper.Widgets.Reload)]">ss_arbitrary_widget_name</widgetdefaultnode>
	<widgetdefaultnode group="tvshows"		labelID="tvairingtoday"			label="TV Airing Today"			target="videos"		path="plugin://plugin.video.themoviedb.helper/?info=discover&amp;tmdb_type=tv&amp;tmdb_id=None&amp;with_id=True&amp;with_separator=AND&amp;sort_by=popularity.desc&amp;air_date.gte=t-0&amp;air_date.lte=t-0&amp;widget=true&amp;reload=$INFO[Window(Home).Property(TMDbHelper.Widgets.Reload)]">ss_arbitrary_widget_name</widgetdefaultnode>
	
	<widgetdefaultnode group="tvshows"		labelID="tvgenres"				label="TV Genres"				target="videos"		path="plugin://plugin.video.themoviedb.helper/?info=genres&amp;tmdb_type=tv&amp;widget=true&amp;reload=$INFO[Window(Home).Property(TMDbHelper.Widgets.Reload)]">ss_arbitrary_widget_name</widgetdefaultnode>
	<propertydefault group="tvshows"		labelID="tvgenres"				property="displayType">squares</propertydefault>
	<propertydefault group="tvshows"		labelID="tvgenres"				property="displayTitles">true</propertydefault>

	<!-- My Movies submenu widgets -->
	<widgetdefaultnode group="mymovies"		labelID="moviesinprogress"		label="In Progress Movies"		target="videos"		path="special://skin/playlists/movies_inprogress.xsp">ss_arbitrary_widget_name</widgetdefaultnode>
	<widgetdefaultnode group="mymovies"		labelID="recentlyaddedmovies"	label="Recently Added Movies"	target="videos"		path="videodb://recentlyaddedmovies/">ss_arbitrary_widget_name</widgetdefaultnode>
	<widgetdefaultnode group="mymovies"		labelID="moviesets"				label="Movie Sets"				target="videos"		path="videodb://movies/sets/">ss_arbitrary_widget_name</widgetdefaultnode>
	<widgetdefaultnode group="mymovies"		labelID="moviesbytitle"			label="Movies by Title"			target="videos"		path="videodb://movies/titles/">ss_arbitrary_widget_name</widgetdefaultnode>
	
	<widgetdefaultnode group="mymovies"		labelID="genres"				label="Movie Genres"			target="videos"		path="videodb://movies/genres/">ss_arbitrary_widget_name</widgetdefaultnode>
	<propertydefault group="mymovies"		labelID="genres"				property="displayType">squares</propertydefault>
	<propertydefault group="mymovies"		labelID="genres"				property="displayTitles">true</propertydefault>

	<!-- My TV Shows submenu widgets -->
	<widgetdefaultnode group="mytvshows"	labelID="unwatchedepisodes"		label="Unwatched Episodes"		target="videos"		path="special://skin/playlists/tvshows_unwatched_episodes.xsp">ss_arbitrary_widget_name</widgetdefaultnode>
	<propertydefault group="mytvshows"		labelID="unwatchedepisodes"		property="displayType">squares</propertydefault>
	<propertydefault group="mytvshows"		labelID="unwatchedepisodes"		property="displayTitles">true</propertydefault>

	<widgetdefaultnode group="mytvshows"	labelID="showsinprogress"		label="Shows In Progress"		target="videos"		path="special://skin/playlists/tvshows_inprogress.xsp">ss_arbitrary_widget_name</widgetdefaultnode>
	<widgetdefaultnode group="mytvshows"	labelID="unwatchedshows"		label="Unwatched Shows"			target="videos"		path="special://skin/playlists/tvshows_unwatched.xsp">ss_arbitrary_widget_name</widgetdefaultnode>
	<widgetdefaultnode group="mytvshows"	labelID="showsbytitle"			label="Shows by Title"			target="videos"		path="videodb://tvshows/titles/">ss_arbitrary_widget_name</widgetdefaultnode>
	
	<widgetdefaultnode group="mytvshows"	labelID="genres"				label="TV Genres"				target="videos"		path="videodb://tvshows/genres/">ss_arbitrary_widget_name</widgetdefaultnode>
	<propertydefault group="mytvshows"		labelID="genres"				property="displayType">squares</propertydefault>
	<propertydefault group="mytvshows"		labelID="genres"				property="displayTitles">true</propertydefault>

	<widgetdefaultnode group="mytvshows"	labelID="studios"				label="TV Studios"				target="videos"		path="videodb://tvshows/studios/">ss_arbitrary_widget_name</widgetdefaultnode>
	<propertydefault group="mytvshows"		labelID="studios"				property="displayType">squares</propertydefault>
	<propertydefault group="mytvshows"		labelID="studios"				property="displayTitles">true</propertydefault>

	<!-- Search submenu wigets -->
	<widgetdefaultnode group="search"		labelID="search"				label="Search"					target="videos"		path="plugin://plugin.video.themoviedb.helper/?info=dir_multisearch&amp;tmdb_type=None&amp;widget=true&amp;reload=$INFO[Window(Home).Property(TMDbHelper.Widgets.Reload)]">ss_arbitrary_widget_name</widgetdefaultnode>
	<propertydefault group="search"			labelID="search"				property="displayType">squares</propertydefault>
	<propertydefault group="search"			labelID="search"				property="displayTitles">true</propertydefault>
	
	<!-- === END OF DEFAULT PRE-DEFINED WIDGETS === -->

	<!-- ===== "Select widget" prompt from button 312 ===== -->
	<!-- Widget Groups Doc: https://github.com/MikeSiLVO/script.skinshortcuts/blob/master/docs/advanced/Custom%20groupings.md -->
	<widget-groupings>
		<node label="Video add-ons">
				<content>addon-video</content>
		</node>
	</widget-groupings>
</overrides>