<?xml version="1.0" encoding="UTF-8"?>
<!-- Default Shortcuts Doc: https://github.com/MikeSiLVO/script.skinshortcuts/blob/master/docs/Providing%20default%20shortcuts.md -->
<!-- NOTE: The empty xml-tags are REQUIRED!! Without them SkinShortcuts will fail to build the menu. -->
<shortcuts>
	<shortcut>
		<label>Anticipated TV Shows</label>
		<label2 />
		<icon />
		<action />
	</shortcut>
	<shortcut>
		<label>New TV Shows</label>
		<label2 />
		<icon />
		<action />
	</shortcut>
	<shortcut>
		<label>Popular New TV</label>
		<label2 />
		<icon />
		<action />
	</shortcut>
	<shortcut>
		<label>Popular on TV</label>
		<label2 />
		<icon />
		<action />
	</shortcut>
	<shortcut>
		<label>Top Rated TV</label>
		<label2 />
		<icon />
		<action />
	</shortcut>
	<shortcut>
		<label>Most Voted TV</label>
		<label2 />
		<icon />
		<action />
	</shortcut>
	<shortcut>
		<label>TV Airing Today</label>
		<label2 />
		<icon />
		<action />
	</shortcut>
	<shortcut>
		<label>TV Genres</label>
		<label2 />
		<icon />
		<action />
	</shortcut>
</shortcuts>