<?xml version="1.0" encoding="UTF-8"?>
<overrides>
	<!-- Disable renaming widget prompt when selecting Widget Source (button 312) -->
	<widgetRename>false</widgetRename>

	<!-- This setting will prevent the menu from being shared with other Skins -->
	<!-- WARNING: Dont share the menu, this skin generates it slightly differently and it will mess up other skin menus. -->
	<doNotShareMenu />

	<thumbnailBrowseDefault>special://skin/extras/icons/</thumbnailBrowseDefault>

	<!-- ===== WIDGET-EDIT SETTINGS ===== -->
	<!-- Create popup menu's to save custom properties -->
	<!-- Property Settings Doc: https://github.com/mikesilvo164/script.skinshortcuts/blob/master/docs/advanced/Custom%20shortcut%20properties.md -->
	<!-- displayType options -->
	<propertySettings property="displayType" buttonID="9101" title="Widget Display Type" showNone="false" requires="widgetPath" />
	<property property="displayType" icon="dstv/skinshortcuts/displaytype/poster.png" label="Posters">posters</property>
	<property property="displayType" icon="dstv/skinshortcuts/displaytype/square.png" label="Squares">squares</property>
	<property property="displayType" icon="dstv/skinshortcuts/displaytype/landscape.png" label="Landscape">landscape</property>
	<!-- widgetSortBy options -->
	<!-- additional sort options: https://codedocs.xyz/AlwinEsch/kodi/group__List__of__sort__methods.html -->
	<propertySettings property="widgetSortBy" buttonID="9102" title="SORT BY" showNone="true" requires="widgetPath" />
	<property property="widgetSortBy" label="Title">title</property>
	<property property="widgetSortBy" label="Date Added">dateadded</property>
	<property property="widgetSortBy" label="Date Released">year</property>
	<property property="widgetSortBy" label="Last Played (Media)">lastplayed</property>
	<property property="widgetSortBy" label="Last Used (Apps)">lastused</property>
	<property property="widgetSortBy" label="Random">random</property>
	<!-- widgetLimit options -->
	<propertySettings property="widgetLimit" buttonID="9104" title="Display Limit" showNone="true" requires="widgetPath" />
	<property property="widgetLimit" label="$NUMBER[5]">$NUMBER[5]</property>
	<property property="widgetLimit" label="$NUMBER[10]">$NUMBER[10]</property>
	<property property="widgetLimit" label="$NUMBER[15]">$NUMBER[15]</property>
	<property property="widgetLimit" label="$NUMBER[20]">$NUMBER[20]</property>
	<property property="widgetLimit" label="$NUMBER[25]">$NUMBER[25]</property>
	<property property="widgetLimit" label="$NUMBER[50]">$NUMBER[50]</property>
	<property property="widgetLimit" label="$NUMBER[75]">$NUMBER[75]</property>
	<property property="widgetLimit" label="$NUMBER[100]">$NUMBER[100]</property>
	
	<!-- Remove any default menu item properties that we don't need -->
	<propertySettings property="defaultID" templateonly="True" />
	<propertySettings property="group" templateonly="True" />
	<propertySettings property="isSubmenu" templateonly="True" />
	<propertySettings property="list" templateonly="True" />
	<propertySettings property="path" templateonly="True" />
	<propertySettings property="translatedPath" templateonly="True" />
	<propertySettings property="widget" templateonly="True" />
	<propertySettings property="widgetName" templateonly="True" />
	<propertySettings property="widgetType" templateonly="True" />
	<!-- widgetTarget/Content types: https://forum.kodi.tv/showthread.php?tid=299107 -->
	<propertySettings property="widgetTarget" templateonly="True" />
	
	<!-- Add custom property attributes with values -->
	<!-- Property Patterns Doc: https://github.com/MikeSiLVO/script.skinshortcuts/blob/master/docs/advanced/Property%20patterns.md -->
	<propertypattern group="mainmenu" property="myCustomProperty">foo</propertypattern>
	<propertypattern group="favourites" property="myCustomProperty">bar</propertypattern>

	<!-- ===== DEFAULT PRE-DEFINED WIDGETS AND THEIR DEFAULT PROPERTY VALUES ===== -->
	<!-- Manage Widgets Doc: https://github.com/mikesilvo164/script.skinshortcuts/blob/master/docs/advanced/Managing%20widgets.md -->
	<!-- NOTE1: group is the <label> tag from mainmenu.DATA.xml without spaces. -->
	<!-- NOTE2: labelID is the <label> tag from the mm-X.DATA.xml files without spaces -->
	
	<!-- Favourites submenu widgets -->
	<widgetdefaultnode group="favourites"	labelID="myfavourites"			label="Favourites"				target="mixed"		path="favourites://">ss_arbitrary_widget_name</widgetdefaultnode>
	<propertydefault group="favourites"		labelID="myfavourites"			property="displayType">squares</propertydefault>
	<propertydefault group="favourites"		labelID="myfavourites"			property="displayTitles">true</propertydefault>
	
	<widgetdefaultnode group="favourites"	labelID="androidapps"			label="Android Apps"			target="programs"	path="androidapp://sources/apps/">ss_arbitrary_widget_name</widgetdefaultnode>
	<propertydefault group="favourites"		labelID="androidapps"			property="displayType">squares</propertydefault>
	<propertydefault group="favourites"		labelID="androidapps"			property="displayTitles">true</propertydefault>
	
	<!-- Trakt submenu widgets -->
	<widgetdefaultnode group="trakt"		labelID="recommendedmovies"		label="Recommended Movies"		target="videos"		path="plugin://plugin.video.themoviedb.helper/?info=trakt_recommendations&amp;tmdb_type=movie&amp;widget=true&amp;reload=$INFO[Window(Home).Property(TMDbHelper.Widgets.Reload)]">ss_arbitrary_widget_name</widgetdefaultnode>
	<widgetdefaultnode group="trakt"		labelID="recommendedtvshows"	label="Recommended TV Shows"	target="videos"		path="plugin://plugin.video.themoviedb.helper/?info=trakt_recommendations&amp;tmdb_type=tv&amp;widget=true&amp;reload=$INFO[Window(Home).Property(TMDbHelper.Widgets.Reload)]">ss_arbitrary_widget_name</widgetdefaultnode>
	
	<widgetdefaultnode group="trakt"		labelID="movieswatchlist"		label="Movies Watchlist"		target="videos"		path="plugin://plugin.video.themoviedb.helper/?info=trakt_watchlist&amp;tmdb_type=movie&amp;sort_by=rank&amp;sort_how=asc&amp;widget=true&amp;reload=$INFO[Window(Home).Property(TMDbHelper.Widgets.Reload)]">ss_arbitrary_widget_name</widgetdefaultnode>
	<propertydefault group="trakt"			labelID="movieswatchlist"		property="widgetSortBy">year</propertydefault>
	<propertydefault group="trakt"			labelID="movieswatchlist"		property="widgetSortOrder">ascending</propertydefault>
	
	<widgetdefaultnode group="trakt"		labelID="tvshowswatchlist"		label="TV Shows Watchlist"		target="videos"		path="plugin://plugin.video.themoviedb.helper/?info=trakt_watchlist&amp;tmdb_type=tv&amp;sort_by=rank&amp;sort_how=asc&amp;widget=true&amp;reload=$INFO[Window(Home).Property(TMDbHelper.Widgets.Reload)]">ss_arbitrary_widget_name</widgetdefaultnode>
	<propertydefault group="trakt"			labelID="tvshowswatchlist"		property="widgetSortBy">year</propertydefault>
	<propertydefault group="trakt"			labelID="tvshowswatchlist"		property="widgetSortOrder">descending</propertydefault>
	
	<widgetdefaultnode group="trakt"		labelID="tvshowsin-progress"	label="TV Shows In-Progress"	target="videos"		path="plugin://plugin.video.themoviedb.helper/?info=trakt_inprogress&amp;tmdb_type=tv&amp;sort_by=rank&amp;sort_how=asc&amp;widget=true&amp;reload=$INFO[Window(Home).Property(TMDbHelper.Widgets.Reload)]">ss_arbitrary_widget_name</widgetdefaultnode>
	<widgetdefaultnode group="trakt"		labelID="newtvepisodes"			label="New TV Episodes"			target="videos"		path="plugin://plugin.video.themoviedb.helper/?info=trakt_inprogress&amp;tmdb_type=tv&amp;sort_by=year&amp;sort_how=desc&amp;widget=true&amp;reload=$INFO[Window(Home).Property(TMDbHelper.Widgets.Reload)]">ss_arbitrary_widget_name</widgetdefaultnode>
	
	<!-- Movies submenu widgets -->
	<widgetdefaultnode group="movies"		labelID="anticipatedmovies"		label="Anticipated Movies"		target="videos"		path="plugin://plugin.video.themoviedb.helper/?info=trakt_anticipated&amp;tmdb_type=movie&amp;widget=true&amp;reload=$INFO[Window(Home).Property(TMDbHelper.Widgets.Reload)]">ss_arbitrary_widget_name</widgetdefaultnode>
	<propertydefault group="movies"			labelID="anticipatedmovies"		property="widgetSortBy">year</propertydefault>
	<propertydefault group="movies"			labelID="anticipatedmovies"		property="widgetSortOrder">ascending</propertydefault>

	<widgetdefaultnode group="movies"		labelID="intheatres"			label="In Theatres"				target="videos"		path="plugin://plugin.video.themoviedb.helper/?info=discover&amp;tmdb_type=movie&amp;tmdb_id=None&amp;with_id=True&amp;with_separator=AND&amp;sort_by=popularity.desc&amp;primary_release_date.gte=t-20&amp;release_date.gte=t-20&amp;primary_release_date.lte=t%2B7&amp;release_date.lte=t%2B7&amp;with_release_type=2+%2F+3&amp;widget=true&amp;reload=$INFO[Window(Home).Property(TMDbHelper.Widgets.Reload)]">ss_arbitrary_widget_name</widgetdefaultnode>
	<widgetdefaultnode group="movies"		labelID="newmovies"				label="New Movies"				target="videos"		path="plugin://plugin.video.themoviedb.helper/?info=discover&amp;tmdb_type=movie&amp;tmdb_id=None&amp;with_id=True&amp;with_separator=AND&amp;sort_by=primary_release_date.desc&amp;primary_release_date.lte=t-0&amp;release_date.lte=t-0&amp;with_release_type=4+%2F+5+%2F+6&amp;vote_count.gte=5&amp;vote_average.gte=5&amp;widget=true&amp;reload=$INFO[Window(Home).Property(TMDbHelper.Widgets.Reload)]">ss_arbitrary_widget_name</widgetdefaultnode>
	<widgetdefaultnode group="movies"		labelID="popularnewmovies"		label="Popular New Movies"		target="videos"		path="plugin://plugin.video.themoviedb.helper/?info=discover&amp;tmdb_type=movie&amp;tmdb_id=None&amp;with_id=True&amp;with_separator=AND&amp;sort_by=primary_release_date.desc&amp;primary_release_date.lte=t-0&amp;release_date.lte=t-0&amp;with_release_type=4+%2F+5+%2F+6&amp;vote_count.gte=50&amp;vote_average.gte=5&amp;widget=true&amp;reload=$INFO[Window(Home).Property(TMDbHelper.Widgets.Reload)]">ss_arbitrary_widget_name</widgetdefaultnode>
	<widgetdefaultnode group="movies"		labelID="popularmovies"			label="Popular Movies"			target="videos"		path="plugin://plugin.video.themoviedb.helper/?info=discover&amp;tmdb_type=movie&amp;tmdb_id=None&amp;with_id=True&amp;with_separator=AND&amp;sort_by=popularity.desc&amp;primary_release_date.lte=t-31&amp;release_date.lte=t-31&amp;widget=true&amp;reload=$INFO[Window(Home).Property(TMDbHelper.Widgets.Reload)]">ss_arbitrary_widget_name</widgetdefaultnode>
	<widgetdefaultnode group="movies"		labelID="toprated"				label="Top Rated"				target="videos"		path="plugin://plugin.video.themoviedb.helper/?info=discover&amp;tmdb_type=movie&amp;tmdb_id=None&amp;with_id=True&amp;with_separator=AND&amp;sort_by=vote_average.desc&amp;primary_release_date.gte=t-365&amp;vote_count.gte=100&amp;widget=true&amp;reload=$INFO[Window(Home).Property(TMDbHelper.Widgets.Reload)]">ss_arbitrary_widget_name</widgetdefaultnode>
	<widgetdefaultnode group="movies"		labelID="mostvoted"				label="Most Voted"				target="videos"		path="plugin://plugin.video.themoviedb.helper/?info=discover&amp;tmdb_type=movie&amp;tmdb_id=None&amp;with_id=True&amp;with_separator=AND&amp;sort_by=vote_count.desc&amp;primary_release_date.gte=t-365&amp;primary_release_date.lte=t-31&amp;release_date.gte=t-365&amp;release_date.lte=t-31&amp;widget=true&amp;reload=$INFO[Window(Home).Property(TMDbHelper.Widgets.Reload)]">ss_arbitrary_widget_name</widgetdefaultnode>
	
	<widgetdefaultnode group="movies"		labelID="moviegenres"			label="Movie Genres"			target="videos"		path="plugin://plugin.video.themoviedb.helper/?info=genres&amp;tmdb_type=movie&amp;widget=true&amp;reload=$INFO[Window(Home).Property(TMDbHelper.Widgets.Reload)]">ss_arbitrary_widget_name</widgetdefaultnode>
	<propertydefault group="movies"			labelID="moviegenres"			property="displayType">squares</propertydefault>
	<propertydefault group="movies"			labelID="moviegenres"			property="displayTitles">true</propertydefault>
	
	<!-- TV Shows submenu widgets -->
	<widgetdefaultnode group="tvshows"		labelID="anticipatedtvshows"	label="Anticipated TV Shows"	target="videos"		path="plugin://plugin.video.themoviedb.helper/?info=trakt_anticipated&amp;tmdb_type=tv&amp;widget=true&amp;reload=$INFO[Window(Home).Property(TMDbHelper.Widgets.Reload)]">ss_arbitrary_widget_name</widgetdefaultnode>
	<propertydefault group="tvshows"		labelID="anticipatedtvshows"	property="widgetSortBy">year</propertydefault>
	<propertydefault group="tvshows"		labelID="anticipatedtvshows"	property="widgetSortOrder">ascending</propertydefault>

	<widgetdefaultnode group="tvshows"		labelID="newtvshows"			label="New TV Shows"			target="videos"		path="plugin://plugin.video.themoviedb.helper/?info=discover&amp;tmdb_type=tv&amp;tmdb_id=None&amp;with_id=True&amp;with_separator=AND&amp;sort_by=first_air_date.desc&amp;first_air_date.lte=t-0&amp;vote_count.gte=5&amp;vote_average.gte=5&amp;widget=true&amp;reload=$INFO[Window(Home).Property(TMDbHelper.Widgets.Reload)]">ss_arbitrary_widget_name</widgetdefaultnode>
	<widgetdefaultnode group="tvshows"		labelID="popularnewtv"			label="Popular New TV"			target="videos"		path="plugin://plugin.video.themoviedb.helper/?info=discover&amp;tmdb_type=tv&amp;tmdb_id=None&amp;with_id=True&amp;with_separator=AND&amp;sort_by=first_air_date.desc&amp;first_air_date.lte=t-0&amp;vote_count.gte=50&amp;vote_average.gte=5&amp;widget=true&amp;reload=$INFO[Window(Home).Property(TMDbHelper.Widgets.Reload)]">ss_arbitrary_widget_name</widgetdefaultnode>
	<widgetdefaultnode group="tvshows"		labelID="popularontv"			label="Popular on TV"			target="videos"		path="plugin://plugin.video.themoviedb.helper/?info=discover&amp;tmdb_type=tv&amp;tmdb_id=None&amp;with_id=True&amp;with_separator=AND&amp;sort_by=popularity.desc&amp;first_air_date.gte=t-2000&amp;first_air_date.lte=t-31&amp;vote_count.gte=50&amp;vote_average.gte=5&amp;widget=true&amp;reload=$INFO[Window(Home).Property(TMDbHelper.Widgets.Reload)]">ss_arbitrary_widget_name</widgetdefaultnode>
	<widgetdefaultnode group="tvshows"		labelID="topratedtv"			label="Top Rated TV"			target="videos"		path="plugin://plugin.video.themoviedb.helper/?info=discover&amp;tmdb_type=tv&amp;tmdb_id=None&amp;with_id=True&amp;with_separator=AND&amp;sort_by=vote_average.desc&amp;first_air_date.gte=t-365&amp;vote_count.gte=100&amp;widget=true&amp;reload=$INFO[Window(Home).Property(TMDbHelper.Widgets.Reload)]">ss_arbitrary_widget_name</widgetdefaultnode>
	<widgetdefaultnode group="tvshows"		labelID="mostvotedtv"			label="Most Voted TV"			target="videos"		path="plugin://plugin.video.themoviedb.helper/?info=discover&amp;tmdb_type=tv&amp;tmdb_id=None&amp;with_id=True&amp;with_separator=AND&amp;sort_by=vote_count.desc&amp;first_air_date.gte=t-365&amp;widget=true&amp;reload=$INFO[Window(Home).Property(TMDbHelper.Widgets.Reload)]">ss_arbitrary_widget_name</widgetdefaultnode>
	<widgetdefaultnode group="tvshows"		labelID="tvairingtoday"			label="TV Airing Today"			target="videos"		path="plugin://plugin.video.themoviedb.helper/?info=discover&amp;tmdb_type=tv&amp;tmdb_id=None&amp;with_id=True&amp;with_separator=AND&amp;sort_by=popularity.desc&amp;air_date.gte=t-0&amp;air_date.lte=t-0&amp;widget=true&amp;reload=$INFO[Window(Home).Property(TMDbHelper.Widgets.Reload)]">ss_arbitrary_widget_name</widgetdefaultnode>
	
	<widgetdefaultnode group="tvshows"		labelID="tvgenres"				label="TV Genres"				target="videos"		path="plugin://plugin.video.themoviedb.helper/?info=genres&amp;tmdb_type=tv&amp;widget=true&amp;reload=$INFO[Window(Home).Property(TMDbHelper.Widgets.Reload)]">ss_arbitrary_widget_name</widgetdefaultnode>
	<propertydefault group="tvshows"		labelID="tvgenres"				property="displayType">squares</propertydefault>
	<propertydefault group="tvshows"		labelID="tvgenres"				property="displayTitles">true</propertydefault>
	
	<!-- My Movies submenu widgets -->
	<widgetdefaultnode group="mymovies"		labelID="moviesinprogress"		label="In Progress Movies"		target="videos"		path="special://skin/playlists/movies_inprogress.xsp">ss_arbitrary_widget_name</widgetdefaultnode>
	<widgetdefaultnode group="mymovies"		labelID="recentlyaddedmovies"	label="Recently Added Movies"	target="videos"		path="videodb://recentlyaddedmovies/">ss_arbitrary_widget_name</widgetdefaultnode>
	<widgetdefaultnode group="mymovies"		labelID="moviesets"				label="Movie Sets"				target="videos"		path="videodb://movies/sets/">ss_arbitrary_widget_name</widgetdefaultnode>
	<widgetdefaultnode group="mymovies"		labelID="moviesbytitle"			label="Movies by Title"			target="videos"		path="videodb://movies/titles/">ss_arbitrary_widget_name</widgetdefaultnode>
	
	<widgetdefaultnode group="mymovies"		labelID="genres"				label="Movie Genres"			target="videos"		path="videodb://movies/genres/">ss_arbitrary_widget_name</widgetdefaultnode>
	<propertydefault group="mymovies"		labelID="genres"				property="displayType">squares</propertydefault>
	<propertydefault group="mymovies"		labelID="genres"				property="displayTitles">true</propertydefault>

	<!-- My TV Shows submenu widgets -->
	<widgetdefaultnode group="mytvshows"	labelID="unwatchedepisodes"		label="Unwatched Episodes"		target="videos"		path="special://skin/playlists/tvshows_unwatched_episodes.xsp">ss_arbitrary_widget_name</widgetdefaultnode>
	<propertydefault group="mytvshows"		labelID="unwatchedepisodes"		property="displayType">squares</propertydefault>
	<propertydefault group="mytvshows"		labelID="unwatchedepisodes"		property="displayTitles">true</propertydefault>

	<widgetdefaultnode group="mytvshows"	labelID="showsinprogress"		label="Shows In Progress"		target="videos"		path="special://skin/playlists/tvshows_inprogress.xsp">ss_arbitrary_widget_name</widgetdefaultnode>
	<widgetdefaultnode group="mytvshows"	labelID="unwatchedshows"		label="Unwatched Shows"			target="videos"		path="special://skin/playlists/tvshows_unwatched.xsp">ss_arbitrary_widget_name</widgetdefaultnode>
	<widgetdefaultnode group="mytvshows"	labelID="showsbytitle"			label="Shows by Title"			target="videos"		path="videodb://tvshows/titles/">ss_arbitrary_widget_name</widgetdefaultnode>
	
	<widgetdefaultnode group="mytvshows"	labelID="genres"				label="TV Genres"				target="videos"		path="videodb://tvshows/genres/">ss_arbitrary_widget_name</widgetdefaultnode>
	<propertydefault group="mytvshows"		labelID="genres"				property="displayType">squares</propertydefault>
	<propertydefault group="mytvshows"		labelID="genres"				property="displayTitles">true</propertydefault>

	<widgetdefaultnode group="mytvshows"	labelID="studios"				label="TV Studios"				target="videos"		path="videodb://tvshows/studios/">ss_arbitrary_widget_name</widgetdefaultnode>
	<propertydefault group="mytvshows"		labelID="studios"				property="displayType">squares</propertydefault>
	<propertydefault group="mytvshows"		labelID="studios"				property="displayTitles">true</propertydefault>

	<!-- Live TV submenu wigets -->
	<widgetdefaultnode group="livetv"		labelID="recordingstatus"		label="Recording Status"		target="pvr"		path="dstv_ss_pvr_tv_recording_status">ss_arbitrary_widget_name</widgetdefaultnode>
	<propertydefault group="livetv"			labelID="recordingstatus"		property="displayType">landscape</propertydefault>
	<propertydefault group="livetv"			labelID="recordingstatus"		property="displayTitles">true</propertydefault>

	<widgetdefaultnode group="livetv"		labelID="livetvcategories"		label="Live TV Categories"		target="pvr"		path="pvr://tv/">ss_arbitrary_widget_name</widgetdefaultnode>
	<propertydefault group="livetv"			labelID="livetvcategories"		property="displayType">squares</propertydefault>
	<propertydefault group="livetv"			labelID="livetvcategories"		property="displayTitles">true</propertydefault>

	<widgetdefaultnode group="livetv"		labelID="allchannels"			label="All Channels"			target="pvr"		path="pvr://channels/tv/*">ss_arbitrary_widget_name</widgetdefaultnode>
	<propertydefault group="livetv"			labelID="allchannels"			property="displayType">squares</propertydefault>
	<propertydefault group="livetv"			labelID="allchannels"			property="displayTitles">true</propertydefault>

	<widgetdefaultnode group="livetv"		labelID="tvchannelgroups"		label="TV Channel Groups"		target="tvguide"	path="pvr://channels/tv">ss_arbitrary_widget_name</widgetdefaultnode>
	<propertydefault group="livetv"			labelID="tvchannelgroups"		property="displayType">squares</propertydefault>
	<propertydefault group="livetv"			labelID="tvchannelgroups"		property="displayTitles">true</propertydefault>

	<widgetdefaultnode group="livetv"		labelID="recentlyplayedchannels"	label="Recently Played Channels"	target="pvr"		path="pvr://channels/tv/*?view=lastplayed">ss_arbitrary_widget_name</widgetdefaultnode>
	<propertydefault group="livetv"			labelID="recentlyplayedchannels"	property="displayType">squares</propertydefault>
	<propertydefault group="livetv"			labelID="recentlyplayedchannels"	property="displayTitles">true</propertydefault>

	<widgetdefaultnode group="livetv"		labelID="recentrecordings"		label="Recent Recordings"		target="pvr"		path="pvr://recordings/tv/active?view=flat">ss_arbitrary_widget_name</widgetdefaultnode>
	<propertydefault group="livetv"			labelID="recentrecordings"		property="displayType">squares</propertydefault>
	<propertydefault group="livetv"			labelID="recentrecordings"		property="displayTitles">true</propertydefault>

	<!-- Search submenu wigets -->
	<widgetdefaultnode group="search"		labelID="search"				label="Search"					target="videos"		path="plugin://plugin.video.themoviedb.helper/?info=dir_multisearch&amp;tmdb_type=None&amp;widget=true&amp;reload=$INFO[Window(Home).Property(TMDbHelper.Widgets.Reload)]">ss_arbitrary_widget_name</widgetdefaultnode>
	<propertydefault group="search"			labelID="search"				property="displayType">squares</propertydefault>
	<propertydefault group="search"			labelID="search"				property="displayTitles">true</propertydefault>

	<!-- Weather submenu widgets -->
	<widgetdefaultnode group="weather"		labelID="conditions"			label="Weather Conditions"		target=""			path="dstv_ss_weather_conditions">ss_arbitrary_widget_name</widgetdefaultnode>
	<propertydefault group="weather"		labelID="conditions"			property="displayType">squares</propertydefault>
	
	<widgetdefaultnode group="weather"		labelID="forecast"				label="Weather Forecast"		target=""			path="dstv_ss_weather_forecast">ss_arbitrary_widget_name</widgetdefaultnode>
	<propertydefault group="weather"		labelID="forecast"				property="displayType">squares</propertydefault>

	<widgetdefaultnode group="weather"		labelID="hourly"				label="Weather Hourly"			target=""			path="dstv_ss_weather_hourly">ss_arbitrary_widget_name</widgetdefaultnode>
	<propertydefault group="weather"		labelID="hourly"				property="displayType">squares</propertydefault>
	
	<!-- === END OF DEFAULT PRE-DEFINED WIDGETS === -->

	<!-- ===== "Select widget" prompt from button 312 ===== -->
	<!-- Widget Groups Doc: https://github.com/MikeSiLVO/script.skinshortcuts/blob/master/docs/advanced/Custom%20groupings.md -->
	<widget-groupings>
		<shortcut widget="library" widgetType="favourite" type="Favourites" icon="defaultfavourites.png" label="All Favourites">favourites://</shortcut>
		<node label="DSTV Default Presets">
			<node label="Movies">
				<shortcut widget="ss_arbitrary_widget_name"	widgetTarget="movies"	type="TheMovieDb Helper"	label="In Theatres"			icon="dstv/icons/movies.png">plugin://plugin.video.themoviedb.helper/?info=discover&amp;tmdb_type=movie&amp;tmdb_id=None&amp;with_id=True&amp;with_separator=AND&amp;sort_by=popularity.desc&amp;primary_release_date.gte=t-20&amp;release_date.gte=t-20&amp;primary_release_date.lte=t%2B7&amp;release_date.lte=t%2B7&amp;with_release_type=2+%2F+3&amp;widget=true&amp;reload=$INFO[Window(Home).Property(TMDbHelper.Widgets.Reload)]</shortcut>
				<shortcut widget="ss_arbitrary_widget_name"	widgetTarget="movies"	type="TheMovieDb Helper"	label="New Movies"			icon="dstv/icons/movies.png">plugin://plugin.video.themoviedb.helper/?info=discover&amp;tmdb_type=movie&amp;tmdb_id=None&amp;with_id=True&amp;with_separator=AND&amp;sort_by=primary_release_date.desc&amp;primary_release_date.lte=t-0&amp;release_date.lte=t-0&amp;with_release_type=4+%2F+5+%2F+6&amp;vote_count.gte=5&amp;vote_average.gte=5&amp;widget=true&amp;reload=$INFO[Window(Home).Property(TMDbHelper.Widgets.Reload)]</shortcut>
				<shortcut widget="ss_arbitrary_widget_name"	widgetTarget="movies"	type="TheMovieDb Helper"	label="Popular New Movies"	icon="dstv/icons/movies.png">plugin://plugin.video.themoviedb.helper/?info=discover&amp;tmdb_type=movie&amp;tmdb_id=None&amp;with_id=True&amp;with_separator=AND&amp;sort_by=primary_release_date.desc&amp;primary_release_date.lte=t-0&amp;release_date.lte=t-0&amp;with_release_type=4+%2F+5+%2F+6&amp;vote_count.gte=50&amp;vote_average.gte=5&amp;widget=true&amp;reload=$INFO[Window(Home).Property(TMDbHelper.Widgets.Reload)]</shortcut>
				<shortcut widget="ss_arbitrary_widget_name"	widgetTarget="movies"	type="TheMovieDb Helper"	label="Popular Movies"		icon="dstv/icons/movies.png">plugin://plugin.video.themoviedb.helper/?info=discover&amp;tmdb_type=movie&amp;tmdb_id=None&amp;with_id=True&amp;with_separator=AND&amp;sort_by=popularity.desc&amp;primary_release_date.lte=t-31&amp;release_date.lte=t-31&amp;widget=true&amp;reload=$INFO[Window(Home).Property(TMDbHelper.Widgets.Reload)]</shortcut>
				<shortcut widget="ss_arbitrary_widget_name"	widgetTarget="movies"	type="TheMovieDb Helper"	label="Top Rated"			icon="dstv/icons/movies.png">plugin://plugin.video.themoviedb.helper/?info=discover&amp;tmdb_type=movie&amp;tmdb_id=None&amp;with_id=True&amp;with_separator=AND&amp;sort_by=vote_average.desc&amp;primary_release_date.gte=t-365&amp;vote_count.gte=100&amp;widget=true&amp;reload=$INFO[Window(Home).Property(TMDbHelper.Widgets.Reload)]</shortcut>
				<shortcut widget="ss_arbitrary_widget_name"	widgetTarget="movies"	type="TheMovieDb Helper"	label="Most Voted"			icon="dstv/icons/movies.png">plugin://plugin.video.themoviedb.helper/?info=discover&amp;tmdb_type=movie&amp;tmdb_id=None&amp;with_id=True&amp;with_separator=AND&amp;sort_by=vote_count.desc&amp;primary_release_date.gte=t-365&amp;primary_release_date.lte=t-31&amp;release_date.gte=t-365&amp;release_date.lte=t-31&amp;widget=true&amp;reload=$INFO[Window(Home).Property(TMDbHelper.Widgets.Reload)]</shortcut>
				<shortcut widget="ss_arbitrary_widget_name"	widgetTarget="movies"	type="TheMovieDb Helper"	label="Movie Genres"		icon="dstv/icons/movies.png">plugin://plugin.video.themoviedb.helper/?info=genres&amp;tmdb_type=movie&amp;widget=true&amp;reload=$INFO[Window(Home).Property(TMDbHelper.Widgets.Reload)]</shortcut>
			</node>
			<node label="TV Shows">
				<shortcut widget="ss_arbitrary_widget_name"	widgetTarget="tvshows"	type="TheMovieDb Helper"	label="New TV Shows"		icon="dstv/icons/tv.png">plugin://plugin.video.themoviedb.helper/?info=discover&amp;tmdb_type=tv&amp;tmdb_id=None&amp;with_id=True&amp;with_separator=AND&amp;sort_by=first_air_date.desc&amp;first_air_date.lte=t-0&amp;vote_count.gte=5&amp;vote_average.gte=5&amp;widget=true&amp;reload=$INFO[Window(Home).Property(TMDbHelper.Widgets.Reload)]</shortcut>
				<shortcut widget="ss_arbitrary_widget_name"	widgetTarget="tvshows"	type="TheMovieDb Helper"	label="Popular New TV"		icon="dstv/icons/tv.png">plugin://plugin.video.themoviedb.helper/?info=discover&amp;tmdb_type=tv&amp;tmdb_id=None&amp;with_id=True&amp;with_separator=AND&amp;sort_by=first_air_date.desc&amp;first_air_date.lte=t-0&amp;vote_count.gte=50&amp;vote_average.gte=5&amp;widget=true&amp;reload=$INFO[Window(Home).Property(TMDbHelper.Widgets.Reload)]</shortcut>
				<shortcut widget="ss_arbitrary_widget_name"	widgetTarget="tvshows"	type="TheMovieDb Helper"	label="Popular on TV"		icon="dstv/icons/tv.png">plugin://plugin.video.themoviedb.helper/?info=discover&amp;tmdb_type=tv&amp;tmdb_id=None&amp;with_id=True&amp;with_separator=AND&amp;sort_by=popularity.desc&amp;first_air_date.gte=t-2000&amp;first_air_date.lte=t-31&amp;vote_count.gte=50&amp;vote_average.gte=5&amp;widget=true&amp;reload=$INFO[Window(Home).Property(TMDbHelper.Widgets.Reload)]</shortcut>
				<shortcut widget="ss_arbitrary_widget_name"	widgetTarget="tvshows"	type="TheMovieDb Helper"	label="Top Rated TV"		icon="dstv/icons/tv.png">plugin://plugin.video.themoviedb.helper/?info=discover&amp;tmdb_type=tv&amp;tmdb_id=None&amp;with_id=True&amp;with_separator=AND&amp;sort_by=vote_average.desc&amp;first_air_date.gte=t-365&amp;vote_count.gte=100&amp;widget=true&amp;reload=$INFO[Window(Home).Property(TMDbHelper.Widgets.Reload)]</shortcut>
				<shortcut widget="ss_arbitrary_widget_name"	widgetTarget="tvshows"	type="TheMovieDb Helper"	label="Most Voted TV"		icon="dstv/icons/tv.png">plugin://plugin.video.themoviedb.helper/?info=discover&amp;tmdb_type=tv&amp;tmdb_id=None&amp;with_id=True&amp;with_separator=AND&amp;sort_by=vote_count.desc&amp;first_air_date.gte=t-365&amp;widget=true&amp;reload=$INFO[Window(Home).Property(TMDbHelper.Widgets.Reload)]</shortcut>
				<shortcut widget="ss_arbitrary_widget_name"	widgetTarget="tvshows"	type="TheMovieDb Helper"	label="TV Airing Today"		icon="dstv/icons/tv.png">plugin://plugin.video.themoviedb.helper/?info=discover&amp;tmdb_type=tv&amp;tmdb_id=None&amp;with_id=True&amp;with_separator=AND&amp;sort_by=popularity.desc&amp;air_date.gte=t-0&amp;air_date.lte=t-0&amp;widget=true&amp;reload=$INFO[Window(Home).Property(TMDbHelper.Widgets.Reload)]</shortcut>
				<shortcut widget="ss_arbitrary_widget_name"	widgetTarget="tvshows"	type="TheMovieDb Helper"	label="TV Genres"			icon="dstv/icons/tv.png">plugin://plugin.video.themoviedb.helper/?info=genres&amp;tmdb_type=tv&amp;widget=true&amp;reload=$INFO[Window(Home).Property(TMDbHelper.Widgets.Reload)]</shortcut>
			</node>
			<node label="Trakt">
				<shortcut widget="ss_arbitrary_widget_name"	widgetTarget="movies"	type="TheMovieDb Helper"	label="Anticipated Movies"		icon="dstv/icons/trakt.png">plugin://plugin.video.themoviedb.helper/?info=trakt_anticipated&amp;tmdb_type=movie&amp;widget=true&amp;reload=$INFO[Window(Home).Property(TMDbHelper.Widgets.Reload)]</shortcut>
				<shortcut widget="ss_arbitrary_widget_name"	widgetTarget="tvshows"	type="TheMovieDb Helper"	label="Anticipated TV Shows"	icon="dstv/icons/trakt.png">plugin://plugin.video.themoviedb.helper/?info=trakt_anticipated&amp;tmdb_type=tv&amp;widget=true&amp;reload=$INFO[Window(Home).Property(TMDbHelper.Widgets.Reload)]</shortcut>
				<shortcut widget="ss_arbitrary_widget_name"	widgetTarget="movies"	type="TheMovieDb Helper"	label="Based on Recently Watched Movies"	icon="dstv/icons/trakt.png">plugin://plugin.video.themoviedb.helper/?info=trakt_becauseyouwatched&amp;tmdb_type=movie&amp;widget=true&amp;reload=$INFO[Window(Home).Property(TMDbHelper.Widgets.Reload)]</shortcut>
				<shortcut widget="ss_arbitrary_widget_name"	widgetTarget="tvshows"	type="TheMovieDb Helper"	label="Based on Recently Watched TV Shows"	icon="dstv/icons/trakt.png">plugin://plugin.video.themoviedb.helper/?info=trakt_becauseyouwatched&amp;tmdb_type=tv&amp;widget=true&amp;reload=$INFO[Window(Home).Property(TMDbHelper.Widgets.Reload)]</shortcut>
				<shortcut widget="ss_arbitrary_widget_name"	widgetTarget="movies"	type="TheMovieDb Helper"	label="Recommended Movies"		icon="dstv/icons/trakt.png">plugin://plugin.video.themoviedb.helper/?info=trakt_recommendations&amp;tmdb_type=movie&amp;widget=true&amp;reload=$INFO[Window(Home).Property(TMDbHelper.Widgets.Reload)]</shortcut>
				<shortcut widget="ss_arbitrary_widget_name"	widgetTarget="tvshows"	type="TheMovieDb Helper"	label="Recommended TV Shows"	icon="dstv/icons/trakt.png">plugin://plugin.video.themoviedb.helper/?info=trakt_recommendations&amp;tmdb_type=tv&amp;widget=true&amp;reload=$INFO[Window(Home).Property(TMDbHelper.Widgets.Reload)]</shortcut>
				<shortcut widget="ss_arbitrary_widget_name"	widgetTarget="movies"	type="TheMovieDb Helper"	label="Watchlist Movies"		icon="dstv/icons/trakt.png">plugin://plugin.video.themoviedb.helper/?info=trakt_watchlist&amp;tmdb_type=movie&amp;sort_by=rank&amp;sort_how=asc&amp;widget=true&amp;reload=$INFO[Window(Home).Property(TMDbHelper.Widgets.Reload)]</shortcut>
				<shortcut widget="ss_arbitrary_widget_name"	widgetTarget="tvshows"	type="TheMovieDb Helper"	label="Watchlist TV Shows"		icon="dstv/icons/trakt.png">plugin://plugin.video.themoviedb.helper/?info=trakt_watchlist&amp;tmdb_type=tv&amp;sort_by=rank&amp;sort_how=asc&amp;widget=true&amp;reload=$INFO[Window(Home).Property(TMDbHelper.Widgets.Reload)]</shortcut>
				<shortcut widget="ss_arbitrary_widget_name"	widgetTarget="movies"	type="TheMovieDb Helper"	label="In-Progress Movies"		icon="dstv/icons/trakt.png">plugin://plugin.video.themoviedb.helper/?info=trakt_inprogress&amp;tmdb_type=movie&amp;sort_by=rank&amp;sort_how=asc&amp;widget=true&amp;reload=$INFO[Window(Home).Property(TMDbHelper.Widgets.Reload)]</shortcut>
				<shortcut widget="ss_arbitrary_widget_name"	widgetTarget="tvshows"	type="TheMovieDb Helper"	label="In-Progress TV Shows"		icon="dstv/icons/trakt.png">plugin://plugin.video.themoviedb.helper/?info=trakt_inprogress&amp;tmdb_type=tv&amp;sort_by=rank&amp;sort_how=asc&amp;widget=true&amp;reload=$INFO[Window(Home).Property(TMDbHelper.Widgets.Reload)]</shortcut>
				<shortcut widget="ss_arbitrary_widget_name"	widgetTarget="tvshows"	type="TheMovieDb Helper"	label="New Episodes In-Progress"	icon="dstv/icons/trakt.png">plugin://plugin.video.themoviedb.helper/?info=trakt_inprogress&amp;tmdb_type=tv&amp;sort_by=year&amp;sort_how=desc&amp;widget=true&amp;reload=$INFO[Window(Home).Property(TMDbHelper.Widgets.Reload)]</shortcut>
			</node>
			<node label="Misc">
				<shortcut widget="ss_arbitrary_widget_name"	widgetTarget="tvshows"	type="TheMovieDb Helper"	label="DStealth's TVTracker Shows"	icon="dstv/icons/tv.png">plugin://plugin.video.themoviedb.helper/?list_name=TVTracker+Shows&amp;list_slug=tvtracker-shows&amp;user_slug=dstealth&amp;plugin_category=TVTracker+Shows&amp;owner=true&amp;tmdb_id=None&amp;info=trakt_userlist&amp;sort_by=released&amp;sort_how=desc&amp;extended=full&amp;widget=true&amp;reload=$INFO[Window(Home).Property(TMDbHelper.Widgets.Reload)]</shortcut>
				<shortcut widget="ss_arbitrary_widget_name"	widgetTarget="movies"	type="TheMovieDb Helper"	label="Hindi Movies"				icon="dstv/icons/movies.png">plugin://plugin.video.themoviedb.helper/?info=discover&amp;tmdb_type=movie&amp;tmdb_id=None&amp;with_id=True&amp;with_separator=AND&amp;sort_by=primary_release_date.desc&amp;primary_release_date.lte=t%2B1&amp;with_original_language=hi&amp;vote_count.gte=3&amp;widget=true&amp;reload=$INFO[Window(Home).Property(TMDbHelper.Widgets.Reload)]</shortcut>
				<shortcut widget="ss_arbitrary_widget_name"	widgetTarget="movies"	type="TheMovieDb Helper"	label="Punjabi Movies"				icon="dstv/icons/movies.png">plugin://plugin.video.themoviedb.helper/?info=discover&amp;tmdb_type=movie&amp;tmdb_id=None&amp;with_id=True&amp;with_separator=AND&amp;sort_by=primary_release_date.desc&amp;primary_release_date.lte=t%2B1&amp;with_original_language=pa&amp;vote_count.gte=3&amp;widget=true&amp;reload=$INFO[Window(Home).Property(TMDbHelper.Widgets.Reload)]</shortcut>
				<shortcut widget="ss_arbitrary_widget_name"	widgetTarget="movies"	type="TheMovieDb Helper"	label="Romantic Comedy Movies"		icon="dstv/icons/movies.png">plugin://plugin.video.themoviedb.helper/?info=discover&amp;tmdb_type=movie&amp;tmdb_id=None&amp;with_id=True&amp;with_separator=AND&amp;sort_by=primary_release_date.desc&amp;with_genres=35+%2F+10749&amp;primary_release_date.lte=t-0&amp;vote_count.gte=10&amp;widget=true&amp;reload=$INFO[Window(Home).Property(TMDbHelper.Widgets.Reload)]</shortcut>
				<shortcut widget="ss_arbitrary_widget_name"	widgetTarget="movies"	type="TheMovieDb Helper"	label="Stand-Up Comedy Movies"		icon="dstv/icons/movies.png">plugin://plugin.video.themoviedb.helper/?info=discover&amp;tmdb_type=movie&amp;tmdb_id=None&amp;with_id=True&amp;with_separator=AND&amp;sort_by=primary_release_date.desc&amp;with_keywords=9716&amp;primary_release_date.lte=t-0&amp;vote_count.gte=5&amp;widget=true&amp;reload=$INFO[Window(Home).Property(TMDbHelper.Widgets.Reload)]</shortcut>
				<shortcut widget="ss_arbitrary_widget_name"	widgetTarget="movies"	type="TheMovieDb Helper"	label="Superhero Movies"			icon="dstv/icons/movies.png">plugin://plugin.video.themoviedb.helper/?info=discover&amp;tmdb_type=movie&amp;tmdb_id=None&amp;with_id=True&amp;with_separator=AND&amp;sort_by=primary_release_date.desc&amp;without_genres=99&amp;with_keywords=9715&amp;primary_release_date.lte=t-0&amp;vote_count.gte=5&amp;widget=true&amp;reload=$INFO[Window(Home).Property(TMDbHelper.Widgets.Reload)]</shortcut>
				<shortcut widget="ss_arbitrary_widget_name"	widgetTarget="movies"	type="TheMovieDb Helper"	label="Zombie Movies"				icon="dstv/icons/movies.png">plugin://plugin.video.themoviedb.helper/?info=discover&amp;tmdb_type=movie&amp;tmdb_id=None&amp;with_id=True&amp;with_separator=AND&amp;sort_by=primary_release_date.desc&amp;with_keywords=12377&amp;primary_release_date.lte=t-0&amp;vote_count.gte=5&amp;widget=true&amp;reload=$INFO[Window(Home).Property(TMDbHelper.Widgets.Reload)]</shortcut>
			</node>
		</node>
		<node label="Add-Ons">
			<shortcut widget="addon" widgetType="addon" widgetTarget="addons"	type="32021" label="Android Apps list" icon="DefaultAddonProgram.png" condition="true | System.Platform.Android">androidapp://sources/apps</shortcut>
			<shortcut widget="addon" widgetType="addon" widgetTarget="games"	type="32021" label="Game add-ons list" icon="DefaultAddonGame.png">addons://sources/game</shortcut>
			<shortcut widget="addon" widgetType="addon" widgetTarget="music"	type="32019" label="Music add-ons list" icon="DefaultAddonMusic.png">addons://sources/audio</shortcut>
			<shortcut widget="addon" widgetType="addon" widgetTarget="images"	type="32020" label="Picture add-ons list" icon="DefaultAddonPicture.png">addons://sources/image</shortcut>
			<shortcut widget="addon" widgetType="addon" widgetTarget="addons"	type="32021" label="Programs add-ons list" icon="DefaultAddonProgram.png">addons://sources/executable</shortcut>
			<shortcut widget="addon" widgetType="addon" widgetTarget="videos"	type="32014" label="Video add-ons list" icon="DefaultAddonVideo.png">addons://sources/video</shortcut>
			<node label="Game add-ons">
				<shortcut label="$INFO[System.AddonTitle(plugin.program.advanced.emulator.launcher)]" type="32021" icon="DefaultAddonGame.png" widget="addon" widgetType="addon" widgetTarget="addons" condition="System.HasAddon(plugin.program.advanced.emulator.launcher)">||BROWSE||plugin.program.advanced.emulator.launcher</shortcut>
				<shortcut label="$INFO[System.AddonTitle(plugin.program.iagl)]" type="32021" icon="DefaultAddonGame.png" widget="addon" widgetType="addon" widgetTarget="addons" condition="System.HasAddon(plugin.program.iagl)">||BROWSE||plugin.program.iagl</shortcut>
				<shortcut label="$INFO[System.AddonTitle(script.games.rom.collection.browser)]" type="32021" icon="DefaultAddonGame.png" widget="addon" widgetType="addon" widgetTarget="addons" condition="System.HasAddon(script.games.rom.collection.browser)">||BROWSE||script.games.rom.collection.browser</shortcut>
			</node>
			<node label="Music add-ons">
				<content>addon-audio</content>
			</node>
			<node label="Picture add-ons">
				<content>addon-image</content>
			</node>
			<node label="Program add-ons">
				<content>addon-program</content>
			</node>
			<node label="Video add-ons">
				<content>addon-video</content>
			</node>
		</node>
		<node label="Music Library">
			<node label="Music">
				<shortcut widget="library" widgetType="albums"	widgetTarget="music" label="Recently Added Albums">musicdb://recentlyaddedalbums/</shortcut>
				<shortcut widget="library" widgetType="albums"	widgetTarget="music" label="Recently Played Albums">musicdb://recentlyplayedalbums/</shortcut>
				<shortcut widget="library" widgetType="albums"	widgetTarget="music" label="Compilations">musicdb://compilations/</shortcut>
				<shortcut widget="library" widgetType="albums"	widgetTarget="music" label="Top 100 Albums"> musicdb://top100/albums/</shortcut>
				<shortcut widget="library" widgetType="songs"	widgetTarget="music" label="Top 100 Songs">musicdb://top100/songs/</shortcut>
				<shortcut widget="library" widgetType="albums"	widgetTarget="music" label="$ADDON[service.library.data.provider 32017] [LibraryDataProvider]" condition="System.HasAddon(service.library.data.provider)">plugin://service.library.data.provider?type=recentalbums&amp;reload=$INFO[Window.Property(recentalbums)]</shortcut>
				<shortcut widget="library" widgetType="albums"	widgetTarget="music" label="$ADDON[service.library.data.provider 32016] [LibraryDataProvider]" condition="System.HasAddon(service.library.data.provider)">plugin://service.library.data.provider?type=randomalbums&amp;reload=$INFO[Window.Property(randomalbums)]</shortcut>
				<shortcut widget="library" widgetType="albums"	widgetTarget="music" label="$ADDON[service.library.data.provider 32018] [LibraryDataProvider]" condition="System.HasAddon(service.library.data.provider)">plugin://service.library.data.provider?type=recommendedalbums&amp;reload=$INFO[Window.Property(recommendedalbums)]</shortcut>
				<shortcut widget="library" widgetType="songs"	widgetTarget="music" label="$ADDON[service.library.data.provider 32015] [LibraryDataProvider]" condition="System.HasAddon(service.library.data.provider)">plugin://service.library.data.provider?type=randomsongs&amp;reload=$INFO[Window.Property(randomsongs)]</shortcut>
				<shortcut widget="library" widgetType="albums"	widgetTarget="music" label="Recent Albums [SkinHelperWidgets]" condition="System.HasAddon(script.skin.helper.widgets)">plugin://script.skin.helper.widgets/?action=recentalbums&amp;reload=$INFO[Window(Home).Property(widgetreload-music)]</shortcut>
				<shortcut widget="library" widgetType="albums"	widgetTarget="music" label="Recent Played Albums [SkinHelperWidgets]" condition="System.HasAddon(script.skin.helper.widgets)">plugin://script.skin.helper.widgets/?action=recentplayedalbums&amp;reload=$INFO[Window(Home).Property(widgetreload-music)]</shortcut>
				<shortcut widget="library" widgetType="albums"	widgetTarget="music" label="$ADDON[script.skin.helper.widgets 32015] [SkinHelperWidgets]" condition="System.HasAddon(script.skin.helper.widgets)">plugin://script.skin.helper.widgets/?action=recommendedalbums&amp;reload=$INFO[Window(Home).Property(widgetreload-music)]</shortcut>
				<shortcut widget="library" widgetType="songs"	widgetTarget="music" label="$ADDON[script.skin.helper.widgets 32012] [SkinHelperWidgets]" condition="System.HasAddon(script.skin.helper.widgets)">plugin://script.skin.helper.widgets/?action=recentsongs&amp;reload=$INFO[Window(Home).Property(widgetreload-music)]</shortcut>
				<shortcut widget="library" widgetType="songs"	widgetTarget="music" label="$ADDON[script.skin.helper.widgets 32013] [SkinHelperWidgets]" condition="System.HasAddon(script.skin.helper.widgets)">plugin://script.skin.helper.widgets/?action=recentplayedsongs&amp;reload=$INFO[Window(Home).Property(widgetreload-music)]</shortcut>
				<shortcut widget="library" widgetType="songs"	widgetTarget="music" label="$ADDON[script.skin.helper.widgets 32016] [SkinHelperWidgets]" condition="System.HasAddon(script.skin.helper.widgets)">plugin://script.skin.helper.widgets/?action=recommendedsongs&amp;reload=$INFO[Window(Home).Property(widgetreload-music)]</shortcut>
			</node>
			<node label="Sources">
				<content>musicsources</content>
			</node>
			<node label="Playlists">
				<content>playlist-audio</content>
			</node>
		</node>
		<node label="PVR/Live TV">
			<node label="Live TV">
				<shortcut widget="pvr" widgetType="pvr" icon="dstv/icons/pvr_tv.png" label="Recording Status">dstv_ss_pvr_tv_recording_status</shortcut>
				<shortcut widget="pvr" widgetType="pvr" widgetTarget="pvr" icon="dstv/icons/pvr_tv.png" label="Live TV Categories">pvr://tv/</shortcut>
				<shortcut widget="pvr" widgetType="pvr" widgetTarget="tvchannels" icon="dstv/icons/pvr_tv.png" label="All TV Channels">pvr://channels/tv/*</shortcut>
				<shortcut widget="pvr" widgetType="pvr" widgetTarget="tvguide" icon="dstv/icons/pvr_tv.png" label="TV Channel Groups">pvr://channels/tv</shortcut>
				<shortcut widget="pvr" widgetType="pvr" widgetTarget="tvchannels" icon="dstv/icons/pvr_tv.png" label="Recently Played TV Channels">pvr://channels/tv/*?view=lastplayed</shortcut>
				<shortcut widget="pvr" widgetType="pvr" widgetTarget="tvrecordings" icon="dstv/icons/pvr_tv.png" label="Recent Recordings">pvr://recordings/tv/active?view=flat</shortcut>
				<shortcut widget="pvr" widgetType="pvr" widgetTarget="tvsearch" icon="dstv/icons/pvr_tv.png" label="Saved TV Searches">pvr://search/tv/savedsearches</shortcut>
				<shortcut widget="pvr" widgetType="pvr" widgetTarget="tvtimers" icon="dstv/icons/pvr_tv.png" label="TV Timers">pvr://timers/tv/timers/?view=hidedisabled</shortcut>
			</node>
			<node label="Radio">
				<shortcut widget="pvr" widgetType="pvr" widgetTarget="pvr" icon="dstv/icons/pvr_radio.png" label="Radio Categories">pvr://radio/</shortcut>
				<shortcut widget="pvr" widgetType="pvr" widgetTarget="radiochannels" icon="dstv/icons/pvr_radio.png" label="All Radio Channels">pvr://channels/radio/*</shortcut>
				<shortcut widget="pvr" widgetType="pvr" widgetTarget="radioguide" icon="dstv/icons/pvr_radio.png" label="Radio Channel Groups">pvr://channels/radio</shortcut>
				<shortcut widget="pvr" widgetType="pvr" widgetTarget="radiochannels" icon="dstv/icons/pvr_radio.png" label="Recently Played Radio Channels">pvr://channels/radio/*?view=lastplayed</shortcut>
				<shortcut widget="pvr" widgetType="pvr" widgetTarget="radiorecordings" icon="dstv/icons/pvr_radio.png" label="Active Radio Recordings">pvr://recordings/radio/active?view=flat</shortcut>
				<shortcut widget="pvr" widgetType="pvr" widgetTarget="radiosearch" icon="dstv/icons/pvr_radio.png" label="Saved Radio Searches">pvr://search/radio/savedsearches</shortcut>
				<shortcut widget="pvr" widgetType="pvr" widgetTarget="radiotimers" icon="dstv/icons/pvr_radio.png" label="Radio Timers">pvr://timers/radio/timers/?view=hidedisabled</shortcut>
			</node>
		</node>
		<node label="Video Library">
			<node label="Movies">
				<shortcut widget="library" widgetType="movies" widgetTarget="videos" label="Movie Actors">videodb://movies/actors/</shortcut>
				<shortcut widget="library" widgetType="movies" widgetTarget="videos" label="Movie Genres">videodb://movies/genres/</shortcut>
				<shortcut widget="library" widgetType="movies" widgetTarget="videos" label="Movie Recently Added">videodb://recentlyaddedmovies/</shortcut>
				<shortcut widget="library" widgetType="movies" widgetTarget="videos" label="Movie Sets">library://video/movies/sets.xml/</shortcut>
				<shortcut widget="library" widgetType="movies" widgetTarget="videos" label="Movie Titles">videodb://movies/titles/</shortcut>
				<shortcut widget="library" widgetType="movies" widgetTarget="videos" label="Movie Years">videodb://movies/years/</shortcut>
				<shortcut widget="library" widgetType="movies" widgetTarget="videos" label="Playlist- In Progress Movies">special://skin/playlists/movies_inprogress.xsp</shortcut>
				<shortcut widget="library" widgetType="movies" widgetTarget="videos" label="Playlist- Recently Added Movies">special://skin/playlists/movies_recent_unwatched.xsp</shortcut>
				<shortcut widget="library" widgetType="movies" widgetTarget="videos" label="Playlist- Unwatched Movies">special://skin/playlists/movies_unwatched.xsp</shortcut>
				<shortcut widget="library" widgetType="movies" widgetTarget="videos" label="Playlist- Random Movies">special://skin/playlists/movies_random.xsp</shortcut>
				<shortcut widget="library" widgetType="movies" widgetTarget="videos" label="$ADDON[service.library.data.provider 32004] [LibraryDataProvider]" condition="System.HasAddon(service.library.data.provider)">plugin://service.library.data.provider?type=randommovies&amp;reload=$INFO[Window.Property(randommovies)]</shortcut>
				<shortcut widget="library" widgetType="movies" widgetTarget="videos" label="$ADDON[service.library.data.provider 32005] [LibraryDataProvider]" condition="System.HasAddon(service.library.data.provider)">plugin://service.library.data.provider?type=recentmovies&amp;reload=$INFO[Window.Property(recentmovies)]</shortcut>
				<shortcut widget="library" widgetType="movies" widgetTarget="videos" label="$ADDON[service.library.data.provider 32006] [LibraryDataProvider]" condition="System.HasAddon(service.library.data.provider)">plugin://service.library.data.provider?type=recommendedmovies&amp;reload=$INFO[Window.Property(recommendedmovies)]</shortcut>
				<shortcut widget="library" widgetType="movies" widgetTarget="videos" label="$ADDON[script.skin.helper.widgets 32048] [SkinHelperWidgets]" condition="System.HasAddon(script.skin.helper.widgets)">plugin://script.skin.helper.widgets/?action=random&amp;mediatype=movies&amp;reload=$INFO[Window(Home).Property(widgetreload-movies)]</shortcut>
				<shortcut widget="library" widgetType="movies" widgetTarget="videos" label="$ADDON[script.skin.helper.widgets 32038] [SkinHelperWidgets]" condition="System.HasAddon(script.skin.helper.widgets)">plugin://script.skin.helper.widgets/?action=recent&amp;mediatype=movies&amp;reload=$INFO[Window(Home).Property(widgetreload-movies)]</shortcut>
				<shortcut widget="library" widgetType="movies" widgetTarget="videos" label="$ADDON[script.skin.helper.widgets 32046] [SkinHelperWidgets]" condition="System.HasAddon(script.skin.helper.widgets)">plugin://script.skin.helper.widgets/?action=recommended&amp;mediatype=movies&amp;reload=$INFO[Window(Home).Property(widgetreload-movies)]</shortcut>
				<shortcut widget="library" widgetType="movies" widgetTarget="videos" label="$ADDON[script.skin.helper.widgets 32066] [SkinHelperWidgets]" condition="System.HasAddon(script.skin.helper.widgets)">plugin://script.skin.helper.widgets/?action=unwatched&amp;mediatype=movies&amp;reload=$INFO[Window(Home).Property(widgetreload-movies)]</shortcut>
				<shortcut widget="library" widgetType="movies" widgetTarget="videos" label="$ADDON[script.skin.helper.widgets 32003] [SkinHelperWidgets]" condition="System.HasAddon(script.skin.helper.widgets)">plugin://script.skin.helper.widgets/?action=top250&amp;mediatype=movies&amp;reload=$INFO[Window(Home).Property(widgetreload-movies)]</shortcut>
				<shortcut widget="library" widgetType="movies" widgetTarget="videos" label="$ADDON[script.skin.helper.widgets 32028] [SkinHelperWidgets]" condition="System.HasAddon(script.skin.helper.widgets)">plugin://script.skin.helper.widgets/?action=inprogress&amp;mediatype=movies&amp;reload=$INFO[Window(Home).Property(widgetreload-movies)]</shortcut>
				<shortcut widget="library" widgetType="movies" widgetTarget="videos" label="$ADDON[script.skin.helper.widgets 32029] [SkinHelperWidgets]" condition="System.HasAddon(script.skin.helper.widgets)">plugin://script.skin.helper.widgets/?action=inprogressandrecommended&amp;mediatype=movies&amp;reload=$INFO[Window(Home).Property(widgetreload-movies)]</shortcut>
				<shortcut widget="library" widgetType="movies" widgetTarget="videos" label="$ADDON[script.skin.helper.widgets 32006] [SkinHelperWidgets]" condition="System.HasAddon(script.skin.helper.widgets)">plugin://script.skin.helper.widgets/?action=similar&amp;mediatype=movies&amp;reload=$INFO[Window(Home).Property(widgetreload-movies)]</shortcut>
				<shortcut widget="library" widgetType="movies" widgetTarget="videos" label="Genres [SkinHelperWidgets]" condition="System.HasAddon(script.skin.helper.widgets)">plugin://script.skin.helper.widgets/?action=forgenre&amp;mediatype=movies&amp;reload=$INFO[Window(Home).Property(widgetreload2)]</shortcut>
				<shortcut widget="library" widgetType="movies" widgetTarget="videos" label="Favourites [SkinHelperWidgets]" condition="System.HasAddon(script.skin.helper.widgets)">plugin://script.skin.helper.widgets/?action=favourites&amp;mediatype=movies&amp;reload=$INFO[Window(Home).Property(widgetreload-movies)]</shortcut>
			</node>
			<node label="TV Shows">
				<shortcut widget="library" widgetType="tvshows" widgetTarget="videos" label="TV Actors">videodb://tvshows/actors/</shortcut>
				<shortcut widget="library" widgetType="tvshows" widgetTarget="videos" label="TV Genres">videodb://tvshows/genres/</shortcut>
				<shortcut widget="library" widgetType="tvshows" widgetTarget="videos" label="TV Recently Added Episodes">videodb://recentlyaddedepisodes/</shortcut>
				<shortcut widget="library" widgetType="tvshows" widgetTarget="videos" label="TV Studios">videodb://tvshows/studios/</shortcut>
				<shortcut widget="library" widgetType="tvshows" widgetTarget="videos" label="TV Titles">videodb://tvshows/titles/</shortcut>
				<shortcut widget="library" widgetType="tvshows" widgetTarget="videos" label="TV Years">videodb://tvshows/years/</shortcut>
				<shortcut widget="library" widgetType="tvshows" widgetTarget="videos" label="Playlist- In Progress TV Shows">special://skin/playlists/tvshows_inprogress.xsp</shortcut>
				<shortcut widget="library" widgetType="tvshows" widgetTarget="videos" label="Playlist- Unwatched Episodes">special://skin/playlists/tvshows_unwatched_episodes.xsp</shortcut>
				<shortcut widget="library" widgetType="tvshows" widgetTarget="videos" label="Playlist- Unwatched TV Shows">special://skin/playlists/tvshows_unwatched.xsp</shortcut>
				<shortcut widget="library" widgetType="tvshows" widgetTarget="videos" label="$ADDON[script.skin.helper.widgets 32041] [SkinHelperWidgets]" condition="System.HasAddon(script.skin.helper.widgets)">plugin://script.skin.helper.widgets/?action=random&amp;mediatype=tvshows&amp;reload=$INFO[Window(Home).Property(widgetreload-tvshows)]</shortcut>
				<shortcut widget="library" widgetType="tvshows" widgetTarget="videos" label="$ADDON[script.skin.helper.widgets 32045] [SkinHelperWidgets]" condition="System.HasAddon(script.skin.helper.widgets)">plugin://script.skin.helper.widgets/?action=recent&amp;mediatype=tvshows&amp;reload=$INFO[Window(Home).Property(widgetreload-tvshows)]</shortcut>
				<shortcut widget="library" widgetType="tvshows" widgetTarget="videos" label="$ADDON[script.skin.helper.widgets 32037] [SkinHelperWidgets]" condition="System.HasAddon(script.skin.helper.widgets)">plugin://script.skin.helper.widgets/?action=recommended&amp;mediatype=tvshows&amp;reload=$INFO[Window(Home).Property(widgetreload-tvshows)]</shortcut>
				<shortcut widget="library" widgetType="tvshows" widgetTarget="videos" label="$ADDON[script.skin.helper.widgets 32047] [SkinHelperWidgets]" condition="System.HasAddon(script.skin.helper.widgets)">plugin://script.skin.helper.widgets/?action=top250&amp;mediatype=tvshows&amp;reload=$INFO[Window(Home).Property(widgetreload-tvshows)]</shortcut>
				<shortcut widget="library" widgetType="tvshows" widgetTarget="videos" label="$ADDON[script.skin.helper.widgets 32044] [SkinHelperWidgets]" condition="System.HasAddon(script.skin.helper.widgets)">plugin://script.skin.helper.widgets/?action=inprogress&amp;mediatype=tvshows&amp;reload=$INFO[Window(Home).Property(widgetreload-tvshows)]</shortcut>
				<shortcut widget="library" widgetType="tvshows" widgetTarget="videos" label="$ADDON[script.skin.helper.widgets 32014] [SkinHelperWidgets]" condition="System.HasAddon(script.skin.helper.widgets)">plugin://script.skin.helper.widgets/?action=similar&amp;mediatype=tvshows&amp;reload=$INFO[Window(Home).Property(widgetreload-tvshows)]</shortcut>
				<shortcut widget="library" widgetType="tvshows" widgetTarget="videos" label="TV Genres [SkinHelperWidgets]" condition="System.HasAddon(script.skin.helper.widgets)">plugin://script.skin.helper.widgets/?action=forgenre&amp;mediatype=tvshows&amp;reload=$INFO[Window(Home).Property(widgetreload2)]</shortcut>
			</node>
			<node label="Sources">
				<content>videosources</content>
			</node>
			<node label="Playlists">
				<content>playlist-video</content>
			</node>
		</node>
		<node label="System">
		<shortcut widget="addon" widgetType="system" icon="homewidgets/systeminfo/square/battery_100.png"	label="Battery Level">$INCLUDE[skinshortcuts-template-SystemBattery]</shortcut>
		<shortcut widget="addon" widgetType="system" icon="homewidgets/systeminfo/square/cpu.png"			label="CPU">$INCLUDE[skinshortcuts-template-SystemCPU]</shortcut>
		<shortcut widget="addon" widgetType="system" icon="homewidgets/systeminfo/square/memory.png"		label="Free Memory">$INCLUDE[skinshortcuts-template-SystemMemory]</shortcut>
		<shortcut widget="addon" widgetType="system" icon="homewidgets/systeminfo/square/connected.png"		label="Network">$INCLUDE[skinshortcuts-template-SystemNetwork]</shortcut>
		<shortcut widget="addon" widgetType="system" icon="homewidgets/systeminfo/square/system.png"		label="System Info">$INCLUDE[skinshortcuts-template-SystemContent]</shortcut>
		<shortcut widget="addon" widgetType="system" icon="homewidgets/systeminfo/square/pvr.png"			label="System PVR">$INCLUDE[skinshortcuts-template-SystemPVR]</shortcut>
		<shortcut widget="addon" widgetType="system" icon="homewidgets/systeminfo/square/storage.png"		label="System Storage">$INCLUDE[skinshortcuts-template-SystemStorage]</shortcut>
		<shortcut widget="addon" widgetType="system" icon="homewidgets/systeminfo/square/uptime.png"		label="System Uptime">$INCLUDE[skinshortcuts-template-SystemUptime]</shortcut>
		<shortcut widget="addon" widgetType="system" icon="homewidgets/systeminfo/square/system.png"		label="System Version">$INCLUDE[skinshortcuts-template-SystemVersion]</shortcut>
		<shortcut widget="addon" widgetType="system" icon="homewidgets/systeminfo/square/video.png"			label="Video">$INCLUDE[skinshortcuts-template-SystemVideo]</shortcut>
		</node>
		<node label="Weather">
			<shortcut widget="addon" widgetType="weather" icon="weather/small/28.png" label="Weather Conditions">dstv_ss_weather_conditions</shortcut>
			<shortcut widget="addon" widgetType="weather" icon="weather/small/8.png" label="Weather Hourly">dstv_ss_weather_hourly</shortcut>
			<shortcut widget="addon" widgetType="weather" icon="weather/small/47.png" label="Weather Forecast">dstv_ss_weather_forecast</shortcut>
		</node>
	</widget-groupings>
</overrides>