<?xml version="1.0" encoding="utf-8"?>
<!-- DSTV File! -->
<window type="dialog" id="1133">
	<include content="ds_dialog_yesno">
		<param name="window_id" value="1133" />
		<param name="title" value="Reset all Main Menu Items" />
		<param name="msg" value="Are you sure you want to reset all menu items back to default?" />
		<param name="yes_onclick1">RunScript(script.skinshortcuts,type=resetall&amp;warning=false)</param>
		<param name="yes_onclick2">Notification(Main Menu, Items reset!)</param>
		<param name="yes_onclick3">InstallAddon(script.skinshortcuts)</param>
		<param name="yes_onclick4"></param>
		<param name="yes_cond1">System.HasAddon(script.skinshortcuts)</param>
		<param name="yes_cond2">System.HasAddon(script.skinshortcuts)</param>
		<param name="yes_cond3">!System.HasAddon(script.skinshortcuts)</param>
		<param name="yes_cond4">true</param>
	</include>
</window>
