<?xml version="1.0" encoding="utf-8"?>
<!-- DSTV Changes! -->
<window type="dialog" id="1109">
	<onload>Skin.TimerStart(1109_topbaroverlay)</onload>
	<visible>Window.IsActive(fullscreenvideo) | Window.IsActive(visualisation)</visible>
	<visible>Window.IsActive(seekbar) | Window.IsActive(pvrosdchannels) | Window.IsActive(pvrchannelguide)</visible>
	<depth>DepthOSD</depth>
	<animation type="WindowOpen" reversible="False">
		<effect type="fade" start="0" end="100" time="300"/>
	</animation>
	<animation type="WindowClose" reversible="False">
		<effect type="fade" start="100" end="0" time="350"/>
	</animation>
	<zorder>0</zorder>
	<controls>
		<control type="group">
			<visible>![Player.ShowInfo | Window.IsActive(fullscreeninfo) | Player.ShowTime | Window.IsActive(videoosd) | Window.IsActive(musicosd) | Window.IsActive(playerprocessinfo) | Window.IsActive(pvrosdchannels) | Window.IsActive(pvrchannelguide)] + [!String.IsEmpty(Player.SeekNumeric) | Player.Seeking | Player.HasPerformedSeek(3) | Player.Forwarding | Player.Rewinding | Player.Paused] | !String.IsEmpty(PVR.ChannelNumberInput)</visible>
			<animation effect="fade" start="0" end="100" time="300">VisibleChange</animation>
			<animation effect="fade" start="0" end="100" time="300" condition="Player.Paused + Integer.IsGreaterOrEqual(Skin.TimerElapsedSecs(1109_topbaroverlay),5)">Conditional</animation>
			<control type="label">
				<top>1000</top>
				<width>100%</width>
				<align>center</align>
				<height>60</height>
				<label>$VAR[SeekLabel]</label>
				<font>fontOSDb</font>
				<shadowcolor>black</shadowcolor>
			</control>
			<control type="label">
				<top>944</top>
				<left>235</left>
				<width>134</width>
				<height>60</height>
				<label>$INFO[Player.Time]</label>
				<font>fontOSD</font>
				<align>center</align>
				<shadowcolor>black</shadowcolor>
				<visible>!Player.ChannelPreviewActive | VideoPlayer.HasEpg</visible>
			</control>
			<control type="label">
				<top>944</top>
				<left>1529</left>
				<width>134</width>
				<height>60</height>
				<label>$INFO[Player.TimeRemaining]</label>
				<font>fontOSD</font>
				<align>center</align>
				<shadowcolor>black</shadowcolor>
				<visible>!Player.ChannelPreviewActive | VideoPlayer.HasEpg</visible>
			</control>
			<control type="label">
				<right>25</right>
				<top>6</top>
				<width>700</width>
				<height>60</height>
				<align>right</align>
				<font>font30_title</font>
				<label>[COLOR button_focus]$LOCALIZE[31026][/COLOR] $INFO[PVR.TimeshiftCur] (-$INFO[PVR.TimeshiftOffset])</label>
				<visible>VideoPlayer.Content(LiveTV) + PVR.IsTimeShift</visible>
			</control>
			<control type="progress">
				<left>390</left>
				<top>960</top>
				<width>58%</width>
				<height>10</height>
				<info>Player.ProgressCache</info>
				<texturebg border="3" colordiffuse="60FFFFFF">colors/white50.png</texturebg>
				<midtexture>colors/white50.png</midtexture>
				<visible>!VideoPlayer.Content(LiveTV)</visible>
			</control>
			<control type="progress">
				<left>390</left>
				<top>960</top>
				<width>58%</width>
				<height>10</height>
				<info>Player.Progress</info>
				<texturebg border="3" colordiffuse="60FFFFFF">colors/white50.png</texturebg>
				<midtexture colordiffuse="FFE50914">colors/white.png</midtexture>
				<visible>!VideoPlayer.Content(LiveTV)</visible>
			</control>
			<control type="slider">
				<left>390</left>
				<top>960</top>
				<width>58%</width>
				<height>10</height>
				<texturesliderbar colordiffuse="00FFFFFF">osd/progress/nub_bar.png</texturesliderbar>
				<!-- DSTV Change: colordiffuse for nib -->
				<textureslidernib colordiffuse="selected">osd/progress/nub_bar.png</textureslidernib>
				<textureslidernibfocus colordiffuse="button_focus">colors/white.png</textureslidernibfocus>
				<info>Player.Seekbar</info>
				<visible>!VideoPlayer.Content(LiveTV) + [Player.Seeking | Player.HasPerformedSeek(3) | Player.Paused]</visible>
			</control>
			<control type="group">
				<width>76</width>
				<height>76</height>
				<left>141</left>
				<top>924</top>
				<visible>Player.PauseEnabled</visible>
				<control type="button">
					<width>52</width>
					<height>52</height>
					<label></label>
					<font></font>
					<!-- DSTV: selected n dstv/osd/button-fo. -->
					<texturefocus colordiffuse="selected">dstv/osd/button-fo.png</texturefocus>
					<texturenofocus />
					<onclick>PlayerControl(Play)</onclick>
				</control>
				<control type="image">
					<width>81</width>
					<height>81</height>
					<animation center="38,38" effect="zoom" end="125" reversible="false" start="70" time="500" tween="back" condition="Control.HasFocus(602)">Conditional</animation>
					<texture colordiffuse="white">$VAR[PlayerControlsPlayImageVar]</texture>
				</control>
			</control>
			<control type="group">
				<visible>VideoPlayer.Content(LiveTV)</visible>
				<control type="group">
					<visible>Player.SeekEnabled + VideoPlayer.HasEPG</visible>
					<include content="PVRProgress">
						<param name="ts_bar_top" value="55"/>
						<param name="epg_bar_top" value="63"/>
						<param name="ts_bar_height" value="8"/>
						<param name="epg_bar_height" value="8"/>
					</include>
				</control>
				<control type="group">
					<visible>Player.SeekEnabled + !VideoPlayer.HasEPG</visible>
					<include content="PVRProgress">
						<param name="ts_bar_top" value="55"/>
						<param name="ts_bar_height" value="16"/>
					</include>
				</control>
				<control type="group">
					<visible>!Player.SeekEnabled + VideoPlayer.HasEPG</visible>
					<include content="PVRProgress">
						<param name="epg_bar_top" value="55"/>
						<param name="epg_bar_height" value="16"/>
					</include>
				</control>
			</control>
			<control type="slider">
				<left>0</left>
				<top>50</top>
				<width>100%</width>
				<height>10</height>
				<texturesliderbar colordiffuse="00FFFFFF">osd/progress/nub_bar.png</texturesliderbar>
				<!-- DSTV Change: colordiffuse for nib -->
				<textureslidernib colordiffuse="selected">osd/progress/nub_bar.png</textureslidernib>
				<textureslidernibfocus colordiffuse="button_focus">colors/white.png</textureslidernibfocus>
				<info>PVR.TimeShiftSeekbar</info>
				<visible>VideoPlayer.Content(LiveTV) + [Player.Seeking | Player.HasPerformedSeek(3) | Player.Paused] + !Player.ChannelPreviewActive</visible>
			</control>
			<control type="ranges">
				<left>0</left>
				<top>55</top>
				<width>100%</width>
				<height>8</height>
				<texturebg border="3" colordiffuse="00FFFFFF">colors/white50.png</texturebg>
				<lefttexture>colors/white.png</lefttexture>
				<midtexture colordiffuse="FFFF0000">colors/white.png</midtexture>
				<righttexture>colors/white.png</righttexture>
				<info>Player.Editlist</info>
			</control>
			<control type="ranges">
				<left>0</left>
				<top>67</top>
				<width>100%</width>
				<height>8</height>
				<texturebg border="3" colordiffuse="00FFFFFF">colors/red50.png</texturebg>
				<righttexture>colors/red.png</righttexture>
				<info>Player.Cuts</info>
			</control>
			<control type="ranges">
				<left>0</left>
				<top>67</top>
				<width>100%</width>
				<height>4</height>
				<texturebg border="3" colordiffuse="00FFFFFF">colors/white50.png</texturebg>
				<righttexture>colors/white.png</righttexture>
				<info>Player.SceneMarkers</info>
			</control>
		</control>
		<control type="group">
			<animation effect="fade" start="0" end="100" time="300" condition="$EXP[infodialog_active]">conditional</animation>
			<animation effect="fade" start="0" end="100" time="300">VisibleChange</animation>
			<visible>Player.ShowInfo | Window.IsActive(fullscreeninfo) | Player.ShowTime | Window.IsActive(videoosd) | Window.IsActive(musicosd) | Window.IsActive(playerprocessinfo) | Window.IsActive(pvrosdchannels) | Window.IsActive(pvrchannelguide) + ![Player.Seeking | Player.HasPerformedSeek(3) | Player.Forwarding | Player.Rewinding | Player.Paused] | !String.IsEmpty(PVR.ChannelNumberInput)</visible>
			<depth>DepthBars</depth>
			<control type="image">
				<left>0</left>
				<top>0</top>
				<width>100%</width>
				<height>170</height>
				<texture>frame/osdfade.png</texture>
			</control>
			<control type="group">
				<animation effect="fade" start="0" end="100" time="300" condition="Skin.HasSetting(touchmode)">conditional</animation>
				<control type="grouplist">
					<visible>!String.IsEmpty(Player.Art(tvshow.clearlogo)) | !String.IsEmpty(Player.Art(clearlogo))</visible>
					<top>-945</top>
					<width>100%</width>
					<align>center</align>
					<aligny>center</aligny>
					<itemgap>10</itemgap>
					<orientation>horizontal</orientation>
					<control type="image">
						<width>300</width>
						<texture>$VAR[PlayerClearLogoVar]</texture>
						<aspectratio aligny="center" align="center">keep</aspectratio>
					</control>
				</control>
				<control type="label">
					<top>-805</top>
					<width>100%</width>
					<align>center</align>
					<aligny>center</aligny>
					<font>fontOSD</font>
					<shadowcolor>black</shadowcolor>
					<visible>!String.IsEmpty(VideoPlayer.Season)</visible>
					<label>Temporada $INFO[VideoPlayer.Season]  •  Episódio $INFO[VideoPlayer.Episode]</label>
				</control>
				<control type="group">
					<visible>!Window.IsActive(pvrosdchannels) + !Window.IsActive(pvrchannelguide)</visible>
					<visible>String.IsEmpty(Player.Art(clearlogo))</visible>
					<visible>String.IsEmpty(Player.Art(tvshow.clearlogo))</visible>
					<animation effect="fade" time="150">VisibleChange</animation>
					<width>100%</width> 
					<control type="label">
						<label>$VAR[NowPlayingBreadcrumbsVar]</label>
						<font>font45</font>
						<shadowcolor>text_shadow</shadowcolor>
						<top>7</top>
						<height>50</height>
						<align>center</align> </control>
					<control type="label">
						<top>60</top>
						<label>$VAR[OSDSubLabelVar]</label>
						<shadowcolor>text_shadow</shadowcolor>
						<height>60</height>
						<align>center</align> 
					</control>
				</control>
			</control>
			<control type="group">
				<visible>!Window.IsVisible(extendedprogressdialog)</visible>
				<animation effect="fade" time="150">VisibleChange</animation>
				<control type="label">
					<font>font_clockOSD</font>
					<shadowcolor>text_shadow</shadowcolor>
					<top>15</top>
					<right>35</right>
					<height>200</height>
					<width>600</width>
					<align>right</align>
					<label>$INFO[System.Time(hh:mm)]</label>
				</control>
				<control type="grouplist">
					<right>39</right>
					<top>85</top>
					<width>800</width>
					<height>100</height>
					<align>right</align>
					<itemgap>5</itemgap>
					<orientation>horizontal</orientation>
					<usecontrolcoords>true</usecontrolcoords>
					<control type="label">
						<label>$INFO[Player.FinishTime,$LOCALIZE[31080]: ]</label>
						<shadowcolor>text_shadow</shadowcolor>
						<height>100</height>
						<width>auto</width>
						<font>fontOSDs</font>
						<shadowcolor>black</shadowcolor>
						<visible>!String.isempty(Player.Duration)</visible>
						<visible>Player.HasVideo + ![Player.HasGame | VideoPlayer.HasEpg]</visible>
					</control>
					<control type="label">
						<label>$INFO[PVR.EpgEventFinishTime,$LOCALIZE[31080]: ]</label>
						<shadowcolor>text_shadow</shadowcolor>
						<height>100</height>
						<width>auto</width>
						<visible>VideoPlayer.HasEpg</visible>
					</control>
					<control type="image">
						<top>2</top>
						<left>0</left>
						<width>60</width>
						<height>40</height>
						<fadetime>300</fadetime>
						<aspectratio aligny="center" align="right">keep</aspectratio>
						<texture>dialogs/volume/mute.png</texture>
						<visible>Player.Muted</visible>
					</control>
				</control>
			</control>
		</control>
	</controls>
</window>
