<?xml version="1.0" encoding="UTF-8"?>
<window>
    <defaultcontrol always="true">138</defaultcontrol>
    <onload>SetProperty(ActorList.State,loading)</onload>
    <onload>AlarmClock(ShowActorsTimer, SetProperty(ActorList.State,ready), 00:02, silent)</onload>
    <onload>SetProperty(infobackground,$ESCINFO[ListItem.Art(fanart)],home)</onload>
    <onload>Container.Update($INFO[Control.GetContent(50)],replace)</onload>
    <onunload>ClearProperty(ActorList.State)</onunload>
    <onunload>ClearProperty(infobackground,home)</onunload>
    <controls>
        <include condition="System.AddonIsEnabled(plugin.video.themoviedb.helper)">TMDbHelperContentList</include>
        <control type="group">
            <centertop>50%</centertop>
            <height>1080</height>
            <centerleft>50%</centerleft>
            <width>1920</width>
            <animation effect="fade" start="100" end="0" time="200" tween="sine" condition="Window.IsVisible(script-embuary-video.xml) | Window.IsVisible(script-embuary-person.xml) | Window.IsVisible(script-embuary-image.xml)">Conditional</animation>
            <control type="image">
                <width>100%</width>
                <height>100%</height>
                <texture fallback="common/black.png">$INFO[ListItem.Art(fanart)]</texture>
                <aspectratio>scale</aspectratio>
            </control>
            <control type="image">
                <width>100%</width>
                <height>100%</height>
                <texture colordiffuse="A0000000">colors/black.png</texture>
            </control>
            <control type="group">
                <top>150</top>
                <left>66</left>
                <include>OpenClose_Left</include>
                <control type="image">
                    <top>-16</top>
                    <left>-16</left>
                    <width>566</width>
                    <height>841</height>
                    <texture>colors/black.png</texture>
                    <bordertexture border="21" infill="false">overlays/shadow.png</bordertexture>
                    <bordersize>20</bordersize>
                </control>
                <control type="image">
                    <depth>DepthContentPopout</depth>
                    <left>4</left>
                    <top>4</top>
                    <width>526</width>
                    <height>850</height>
                    <aspectratio>scale</aspectratio>
                    <texture fallback="DefaultVideo.png" background="true">$VAR[InfoDialogPosterVar]</texture>
                </control>
                <control type="group">
                    <visible>String.IsEqual(ListItem.DBType,episode) | String.IsEqual(ListItem.DBType,video)</visible>
                    <visible>!String.IsEmpty(ListItem.Art(thumb)) + !String.IsEqual(ListItem.Art(thumb),ListItem.Art(poster))</visible>
                    <control type="image">
                        <left>4</left>
                        <top>4</top>
                        <width>526</width>
                        <height>801</height>
                        <aspectratio>stretch</aspectratio>
                        <texture colordiffuse="AAFFFFFF" fallback="DefaultVideo.png">colors/black.png</texture>
                    </control>
                    <control type="image">
                        <left>14</left>
                        <top>4</top>
                        <width>506</width>
                        <height>801</height>
                        <aspectratio>keep</aspectratio>
                        <texture>$VAR[ShiftThumbVar]</texture>
                        <bordertexture border="21" infill="false">overlays/shadow.png</bordertexture>
                        <bordersize>20</bordersize>
                    </control>
                </control>
            </control>
            <control type="group">
                <top>154</top>
                <left>70</left>
                <visible>String.IsEqual(ListItem.DBType,musicvideo) + !Skin.HasSetting(show_musicvideoposter)</visible>
                <include>OpenClose_Left</include>
                <control type="image">
                    <width>526</width>
                    <height>801</height>
                    <aspectratio>stretch</aspectratio>
                    <texture colordiffuse="FF555555">DefaultVideo.png</texture>
                </control>
                <control type="image">
                    <left>10</left>
                    <width>506</width>
                    <height>801</height>
                    <aspectratio>keep</aspectratio>
                    <texture>$INFO[ListItem.Thumb]</texture>
                    <bordertexture border="21" infill="false">overlays/shadow.png</bordertexture>
                    <bordersize>20</bordersize>
                </control>
            </control>
            <control type="group">
                <include>OpenClose_Right</include>
                <left>620</left>
                <top>-30</top>
                <control type="group" id="140">
                    <top>468</top>
                    <control type="button" id="138">
                        <width>794</width>
                        <height>565</height>
                        <label></label>
                        <texturefocus border="18" colordiffuse="B3FFFFFF">colors/white.png</texturefocus>
                        <onclick condition="!String.IsEmpty(Window(Home).Property(Trakt.Reviews))">SetProperty(TextViewer_Header,Críticas do Trakt,home)</onclick>
                        <onclick condition="!String.IsEmpty(Window(Home).Property(Trakt.Reviews))">SetProperty(TextViewer_Text,$ESCINFO[Window(Home).Property(Trakt.Reviews)],home)</onclick>
                        <onclick condition="!String.IsEmpty(Window(Home).Property(Trakt.Reviews))">ActivateWindow(1102)</onclick>
                        <onclick condition="String.IsEmpty(Window(Home).Property(Trakt.Reviews)) + !String.IsEmpty(ListItem.Plot)">SetProperty(TextViewer_Header,$LOCALIZE[207],home)</onclick>
                        <onclick condition="String.IsEmpty(Window(Home).Property(Trakt.Reviews)) + !String.IsEmpty(ListItem.Plot)">SetProperty(TextViewer_Text,$ESCINFO[ListItem.Plot],home)</onclick>
                        <onclick condition="String.IsEmpty(Window(Home).Property(Trakt.Reviews)) + !String.IsEmpty(ListItem.Plot)">ActivateWindow(1102)</onclick>
                        <onup>50</onup>
                        <onleft>4000</onleft>
                        <onright>4000</onright>
                        <ondown>5000</ondown>
                        <texturenofocus border="21">dialogs/dialog-bg.png</texturenofocus>
                        <visible>Integer.IsGreater(Container(4000).NumItems,0)</visible>
                        <selected>String.IsEmpty(ListItem.Path)</selected>
                    </control>
                    <control type="button" id="139">
                        <width>1245</width>
                        <height>550</height>
                        <label></label>
                        <onclick condition="!String.IsEmpty(Window(Home).Property(Trakt.Reviews))">SetProperty(TextViewer_Header,Críticas do Trakt,home)</onclick>
                        <onclick condition="!String.IsEmpty(Window(Home).Property(Trakt.Reviews))">SetProperty(TextViewer_Text,$ESCINFO[Window(Home).Property(Trakt.Reviews)],home)</onclick>
                        <onclick condition="!String.IsEmpty(Window(Home).Property(Trakt.Reviews))">ActivateWindow(1102)</onclick>
                        <onclick condition="String.IsEmpty(Window(Home).Property(Trakt.Reviews)) + !String.IsEmpty(ListItem.Plot)">SetProperty(TextViewer_Header,$LOCALIZE[207],home)</onclick>
                        <onclick condition="String.IsEmpty(Window(Home).Property(Trakt.Reviews)) + !String.IsEmpty(ListItem.Plot)">SetProperty(TextViewer_Text,$ESCINFO[ListItem.Plot],home)</onclick>
                        <onclick condition="String.IsEmpty(Window(Home).Property(Trakt.Reviews)) + !String.IsEmpty(ListItem.Plot)">ActivateWindow(1102)</onclick>
                        <onup>50</onup>
                        <onleft>4000</onleft>
                        <onright>4000</onright>
                        <ondown>5000</ondown>
                        <texturenofocus border="21">dialogs/dialog-bg.png</texturenofocus>
                        <visible>!Integer.IsGreater(Container(4000).NumItems,0)</visible>
                    </control>
                    <control type="textbox">
                        <left>40</left>
                        <top>25</top>
                        <width>720</width>
                        <height>500</height>
                        <font>netSd</font>
                        <label>$INFO[Window(Home).Property(Trakt.Reviews)]</label>
                        <autoscroll delay="6000" time="3000" repeat="6000">Skin.HasSetting(AutoScroll)</autoscroll>
                        <visible>Integer.IsGreater(Container(4000).NumItems,0) + !Control.HasFocus(138) + !String.IsEmpty(Window(Home).Property(Trakt.Reviews))</visible>
                    </control>
                    <control type="textbox">
                        <left>40</left>
                        <top>25</top>
                        <width>720</width>
                        <height>500</height>
                        <font>netSd</font>
                        <label fallback="19055">$INFO[ListItem.Plot]</label>
                        <autoscroll delay="6000" time="3000" repeat="6000">Skin.HasSetting(AutoScroll)</autoscroll>
                        <visible>Integer.IsGreater(Container(4000).NumItems,0) + !Control.HasFocus(138) + String.IsEmpty(Window(Home).Property(Trakt.Reviews))</visible>
                    </control>
                    <control type="textbox">
                        <left>40</left>
                        <top>25</top>
                        <width>720</width>
                        <height>500</height>
                        <font>netSd</font>
                        <label>$INFO[Window(Home).Property(Trakt.Reviews)]</label>
                        <textcolor>background</textcolor>
                        <autoscroll delay="6000" time="3000" repeat="6000">Skin.HasSetting(AutoScroll)</autoscroll>
                        <visible>Integer.IsGreater(Container(4000).NumItems,0) + Control.HasFocus(138) + !String.IsEmpty(Window(Home).Property(Trakt.Reviews))</visible>
                    </control>
                    <control type="textbox">
                        <left>40</left>
                        <top>25</top>
                        <width>720</width>
                        <height>500</height>
                        <font>netSd</font>
                        <label fallback="19055">$INFO[ListItem.Plot]</label>
                        <textcolor>background</textcolor>
                        <autoscroll delay="6000" time="3000" repeat="6000">Skin.HasSetting(AutoScroll)</autoscroll>
                        <visible>Integer.IsGreater(Container(4000).NumItems,0) + Control.HasFocus(138) + String.IsEmpty(Window(Home).Property(Trakt.Reviews))</visible>
                    </control>
                    <control type="textbox">
                        <left>40</left>
                        <top>25</top>
                        <width>1165</width>
                        <height>500</height>
                        <font>netSd</font>
                        <label>$INFO[Window(Home).Property(Trakt.Reviews)]</label>
                        <autoscroll delay="6000" time="3000" repeat="6000">Skin.HasSetting(AutoScroll)</autoscroll>
                        <visible>!Integer.IsGreater(Container(4000).NumItems,0) + !String.IsEmpty(Window(Home).Property(Trakt.Reviews))</visible>
                    </control>
                    <control type="textbox">
                        <left>40</left>
                        <top>25</top>
                        <width>1165</width>
                        <height>500</height>
                        <font>netSd</font>
                        <label fallback="19055">$INFO[ListItem.Plot]</label>
                        <autoscroll delay="6000" time="3000" repeat="6000">Skin.HasSetting(AutoScroll)</autoscroll>
                        <visible>!Integer.IsGreater(Container(4000).NumItems,0) + String.IsEmpty(Window(Home).Property(Trakt.Reviews))</visible>
                    </control>
                </control>
                <control type="grouplist" id="4000">
                    <orientation>vertical</orientation>
                    <left>805</left>
                    <top>488</top>
                    <height>407</height>
                    <itemgap>-8</itemgap>
                    <ondown>5000</ondown>
                    <onup>50</onup>
                    <onright>140</onright>
                    <onleft>140</onleft>
                    <include content="InfoDialogMetadata">
                        <param name="control_id" value="147" />
                        <param name="label" value="$INFO[ListItem.Director,[COLOR red]$LOCALIZE[20339]: [/COLOR]]" />
                        <param name="altlabel" value="$INFO[ListItem.Director,$LOCALIZE[20339]: ]" />
                        <param name="onclick_condition" value="System.AddonIsEnabled(script.embuary.info)" />
                        <param name="onclick" value="RunScript(script.embuary.info,call=person,query='$ESCINFO[ListItem.Director]')" />
                        <param name="altclick_condition" value="System.AddonIsEnabled(script.embuary.info)" />
                        <param name="altclick" value="RunScript(script.embuary.info,call=person,query='$ESCINFO[ListItem.Director]')" />
                        <param name="visible" value="!String.IsEmpty(ListItem.Director)" />
                    </include>
                    <include content="InfoDialogMetadata">
                        <param name="control_id" value="148" />
                        <param name="label" value="$INFO[ListItem.Writer,[COLOR red]$LOCALIZE[20417]: [/COLOR]]" />
                        <param name="altlabel" value="$INFO[ListItem.Writer,$LOCALIZE[20417]: ]" />
                        <param name="onclick_condition" value="System.AddonIsEnabled(script.embuary.info)" />
                        <param name="onclick" value="RunScript(script.embuary.info,call=person,query='$ESCINFO[ListItem.Writer]')" />
                        <param name="altclick_condition" value="System.AddonIsEnabled(script.embuary.info)" />
                        <param name="altclick" value="RunScript(script.embuary.info,call=person,query='$ESCINFO[ListItem.Writer]')" />
                        <param name="visible" value="!String.IsEmpty(ListItem.Writer)" />
                    </include>
                    <include content="InfoDialogMetadata">
                        <param name="control_id" value="149" />
                        <param name="label" value="[COLOR red]$LOCALIZE[563]: [/COLOR]$INFO[ListItem.RatingAndVotes]" />
                        <param name="altlabel" value="$LOCALIZE[563]: $INFO[ListItem.RatingAndVotes]" />
                        <param name="visible" value="!String.IsEmpty(ListItem.RatingAndVotes)" />
                    </include>
                    <include content="InfoDialogMetadata">
                        <param name="control_id" value="151" />
                        <param name="label" value="[COLOR red]IMDB: [/COLOR]$VAR[ds_infoRatIMDB]" />
                        <param name="altlabel" value="IMDB: $VAR[ds_infoRatIMDB]" />
                    </include>
                    <include content="InfoDialogMetadata">
                        <param name="control_id" value="150" />
                        <param name="label" value="[COLOR red]$LOCALIZE[515]: [/COLOR]$INFO[ListItem.Genre]" />
                        <param name="altlabel" value="$LOCALIZE[515]: $INFO[ListItem.Genre]" />
                        <param name="visible" value="!String.IsEmpty(ListItem.Genre) + [String.IsEqual(ListItem.DBType,musicvideo) | String.IsEqual(ListItem.DBType,movie)]" />
                    </include>
                    <include content="InfoDialogMetadata">
                        <param name="control_id" value="152" />
                        <param name="label" value="[COLOR red]$LOCALIZE[21875]: [/COLOR]$INFO[ListItem.Country]" />
                        <param name="altlabel" value="$LOCALIZE[21875]: $INFO[ListItem.Country]" />
                        <param name="visible" value="!String.IsEmpty(ListItem.Country)" />
                    </include>
                    <include content="InfoDialogMetadata">
                        <param name="control_id" value="153" />
                        <param name="label" value="[COLOR red]$LOCALIZE[29909]: [/COLOR]$INFO[ListItem.Studio]" />
                        <param name="altlabel" value="$LOCALIZE[29909]: $INFO[ListItem.Studio]" />
                        <param name="visible" value="!String.IsEmpty(ListItem.Studio)" />
                    </include>
                    <include content="InfoDialogMetadata">
                        <param name="control_id" value="154" />
                        <param name="label" value="[COLOR red]$VAR[FirstAiredLabel]: [/COLOR]$INFO[ListItem.Premiered]" />
                        <param name="altlabel" value="$VAR[FirstAiredLabel]: $INFO[ListItem.Premiered]" />
                        <param name="visible" value="!String.IsEmpty(ListItem.Premiered)" />
                    </include>
                    <include content="InfoDialogMetadata">
                        <param name="control_id" value="155" />
                        <param name="label" value="[COLOR red]$LOCALIZE[31048]: [/COLOR]$INFO[ListItem.Season,, $LOCALIZE[36905]]$INFO[ListItem.Episode, (, $LOCALIZE[20453])]" />
                        <param name="altlabel" value="$LOCALIZE[31048]: $INFO[ListItem.Season,, $LOCALIZE[36905]]$INFO[ListItem.Episode, (, $LOCALIZE[20453])]" />
                        <param name="visible" value="!String.IsEmpty(ListItem.Season) + String.IsEqual(ListItem.DBType,tvshow)" />
                    </include>
                    <include content="InfoDialogMetadata">
                        <param name="control_id" value="156" />
                        <param name="label" value="[COLOR red]$LOCALIZE[31048]: [/COLOR]$INFO[ListItem.Episode,, $LOCALIZE[20453]]" />
                        <param name="altlabel" value="$LOCALIZE[31048]: $INFO[ListItem.Episode,, $LOCALIZE[20453]]" />
                        <param name="visible" value="!String.IsEmpty(ListItem.Episode) + String.IsEqual(ListItem.DBType,season)" />
                    </include>
                    <include content="InfoDialogMetadata">
                        <param name="control_id" value="157" />
                        <param name="label" value="[COLOR red]$LOCALIZE[31017]: [/COLOR]$INFO[ListItem.Mpaa]" />
                        <param name="altlabel" value="$LOCALIZE[31017]: $INFO[ListItem.Mpaa]" />
                        <param name="visible" value="!String.IsEmpty(ListItem.Mpaa)" />
                    </include>
                    <include content="InfoDialogMetadata">
                        <param name="control_id" value="158" />
                        <param name="label" value="[COLOR red]$LOCALIZE[20457]: [/COLOR]$INFO[ListItem.Set]" />
                        <param name="altlabel" value="$LOCALIZE[20457]: $INFO[ListItem.Set]" />
                        <param name="visible" value="!String.IsEmpty(ListItem.Set)" />
                    </include>
                    <include content="InfoDialogMetadata">
                        <param name="control_id" value="159" />
                        <param name="label" value="[COLOR red]$LOCALIZE[20459]: [/COLOR]$INFO[ListItem.Tag]" />
                        <param name="altlabel" value="$LOCALIZE[20459]: $INFO[ListItem.Tag]" />
                        <param name="visible" value="!String.IsEmpty(ListItem.Tag)" />
                    </include>
                    <include content="InfoDialogMetadata">
                        <param name="control_id" value="160" />
                        <param name="label" value="[COLOR red]$LOCALIZE[126]: [/COLOR]$INFO[ListItem.Status]" />
                        <param name="altlabel" value="$LOCALIZE[126]: $INFO[ListItem.Status]" />
                        <param name="visible" value="!String.IsEmpty(ListItem.Status)" />
                    </include>
                    <include content="InfoDialogMetadata">
                        <param name="control_id" value="161" />
                        <param name="label" value="[COLOR red]$LOCALIZE[570]: [/COLOR]$INFO[ListItem.DateAdded]" />
                        <param name="altlabel" value="$LOCALIZE[570]: $INFO[ListItem.DateAdded]" />
                        <param name="visible" value="!String.IsEmpty(ListItem.DateAdded) + [String.IsEqual(ListItem.DBType,episode) | String.IsEqual(ListItem.DBType,movie) | String.IsEqual(ListItem.DBType,musicvideo) | String.IsEqual(ListItem.DBType,video)]" />
                    </include>
                    <include content="InfoDialogMetadata">
                        <param name="control_id" value="163" />
                        <param name="label" value="[COLOR red]$LOCALIZE[576]: [/COLOR]$INFO[ListItem.PlayCount]" />
                        <param name="altlabel" value="$LOCALIZE[576]: $INFO[ListItem.PlayCount]" />
                        <param name="visible" value="!String.IsEmpty(ListItem.PlayCount)" />
                    </include>
                    <include content="InfoDialogMetadata">
                        <param name="control_id" value="164" />
                        <param name="label" value="[COLOR red]$LOCALIZE[568]: [/COLOR]$INFO[ListItem.LastPlayed]" />
                        <param name="altlabel" value="$LOCALIZE[568]: $INFO[ListItem.LastPlayed]" />
                        <param name="visible" value="!String.IsEmpty(ListItem.LastPlayed)" />
                    </include>
                    <include content="InfoDialogMetadata">
                        <param name="control_id" value="165" />
                        <param name="label" value="[COLOR red]$LOCALIZE[564]: [/COLOR]$INFO[ListItem.DBType]" />
                        <param name="altlabel" value="$LOCALIZE[564]: $INFO[ListItem.DBType]" />
                        <param name="visible" value="!String.IsEmpty(ListItem.DBType)" />
                    </include>
                </control>

                <control type="image">
                    <left>50</left>
                    <top>165</top>
                    <width>800</width>
                    <height>280</height>
                    <texture>$INFO[ListItem.Art(clearlogo)]</texture>
                    <aspectratio>keep</aspectratio>
                    <align>center</align>
                    <aligny>center</aligny>
                    <visible>String.IsEqual(Window.Property(ActorList.State),loading)</visible>
                    <animation effect="fade" start="0" end="100" time="300">Visible</animation>
                    <animation effect="fade" start="100" end="0" time="300">Hidden</animation>
                    <animation effect="fade" start="80" end="0" time="800" tween="sine" pulse="true" condition="true">Conditional</animation>
                </control>

                <control type="panel" id="50">
                    <visible>String.IsEqual(Window.Property(ActorList.State),ready)</visible>
                    <animation effect="fade" start="0" end="100" time="2000" delay="2000">WindowOpen</animation>
                    <top>153</top>
                    <width>1235</width>
                    <height>370</height>
                    <onup condition="System.AddonIsEnabled(script.embuary.info) + Control.HasFocus(50) + !String.IsEqual(ListItem.DBType,set)">RunScript(script.embuary.info,call=person,query='$ESCINFO[Container(50).ListItem.Label]')</onup>
                    <onup condition="System.HasAddon(script.embuary.info) + !System.AddonIsEnabled(script.embuary.info) + !String.IsEqual(ListItem.DBType,set)">EnableAddon(script.embuary.info)</onup>
                    <onup condition="!System.HasAddon(script.embuary.info) + !String.IsEqual(ListItem.DBType,set)">InstallAddon(script.embuary.info)</onup>
                    <onup>AlarmClock(close_busydialog,Dialog.Close(busydialog),00:05,silent)</onup>
                    <onup>ActivateWindow(busydialog)</onup>
                    <onleft>50</onleft>
                    <onright>50</onright>
                    <ondown>140</ondown>
                    <scrolltime>200</scrolltime>
                    <orientation>horizontal</orientation>
                    <content target="videos" condition="String.IsEqual(ListItem.DBType,movie)">plugin://plugin.video.themoviedb.helper/?info=cast&tmdb_id=$INFO[ListItem.Property(tmdb_id)]&tmdb_type=movie</content>
                    <content target="videos" condition="!String.IsEqual(ListItem.DBType,movie)">plugin://plugin.video.themoviedb.helper/?info=cast&tmdb_id=$INFO[ListItem.Property(tmdb_id)]&tmdb_type=tv</content>
                    <itemlayout height="317" width="245" condition="!Container.Content(Sets)">
                        <control type="group">
                            <top>10</top>
                            <control type="image">
                                <top>0</top>
                                <width>264</width>
                                <height>317</height>
                                <texture>DefaultActorSolid.png</texture>
                                <aspectratio aligny="center">scale</aspectratio>
                                <bordertexture border="21" infill="false">overlays/shadow.png</bordertexture>
                                <bordersize>20</bordersize>
                            </control>
                            <control type="image">
                                <top>20</top>
                                <left>20</left>
                                <width>224</width>
                                <height>277</height>
                                <texture background="true">$INFO[ListItem.Thumb]</texture>
                                <aspectratio aligny="center">scale</aspectratio>
                            </control>
                            <control type="image">
                                <left>20</left>
                                <width>224</width>
                                <height>80</height>
                                <bottom>10</bottom>
                                <texture>overlays/overlayfade.png</texture>
                                <animation effect="fade" start="100" end="80" time="0" condition="true">Conditional</animation>
                            </control>
                            <control type="label">
                                <left>25</left>
                                <width>214</width>
                                <height>67</height>
                                <top>218</top>
                                <align>center</align>
                                <aligny>center</aligny>
                                <font>font12</font>
                                <label>$INFO[ListItem.Label]</label>
                            </control>
                            <control type="label">
                                <left>25</left>
                                <width>214</width>
                                <height>67</height>
                                <top>245</top>
                                <align>center</align>
                                <aligny>center</aligny>
                                <font>font12</font>
                                <textcolor>grey</textcolor>
                                <label>$INFO[ListItem.Label2]</label>
                            </control>
                        </control>
                    </itemlayout>
                    <focusedlayout height="317" width="245" condition="!Container.Content(Sets)">
                        <control type="group">
                            <left>0</left>
                            <top>10</top>
                            <control type="image">
                                <top>0</top>
                                <width>264</width>
                                <height>317</height>
                                <texture>DefaultActorSolid.png</texture>
                                <aspectratio aligny="center">scale</aspectratio>
                                <bordertexture border="21" infill="false">overlays/shadow.png</bordertexture>
                                <bordersize>20</bordersize>
                            </control>
                            <control type="image">
                                <top>20</top>
                                <left>20</left>
                                <width>224</width>
                                <height>277</height>
                                <texture background="true">$INFO[ListItem.Thumb]</texture>
                                <aspectratio aligny="center">scale</aspectratio>
                            </control>
                            <control type="image">
                                <left>20</left>
                                <width>224</width>
                                <height>80</height>
                                <bottom>10</bottom>
                                <texture>overlays/overlayfade.png</texture>
                                <animation effect="fade" start="100" end="80" time="0" condition="true">Conditional</animation>
                            </control>
                            <control type="label">
                                <left>25</left>
                                <width>214</width>
                                <height>67</height>
                                <top>218</top>
                                <align>center</align>
                                <aligny>center</aligny>
                                <font>font12</font>
                                <scroll>true</scroll>
                                <label>$INFO[ListItem.Label]</label>
                            </control>
                            <control type="label">
                                <left>25</left>
                                <width>214</width>
                                <height>67</height>
                                <top>245</top>
                                <align>center</align>
                                <aligny>center</aligny>
                                <font>font12</font>
                                <textcolor>grey</textcolor>
                                <scroll>true</scroll>
                                <label>$INFO[ListItem.Label2]</label>
                            </control>
                            <control type="image">
                                <left>16</left>
                                <top>16</top>
                                <width>232</width>
                                <height>285</height>
                                <texture border="8" colordiffuse="button_focus">buttons/thumbnail_focused.png</texture>
                            </control>
                            <control type="image">
                                <left>110</left>
                                <top>0</top>
                                <width>50</width>
                                <height>50</height>
                                <texture>buttons/spinctrl/arrow-light-up.png</texture>
                            </control>
                        </control>
                    </focusedlayout>
                    <itemlayout height="317" width="210" condition="Container.Content(Sets)">
                        <control type="group">
                            <left>-10</left>
                            <top>10</top>
                            <control type="image">
                                <top>0</top>
                                <width>224</width>
                                <height>317</height>
                                <texture>DefaultMovies.png</texture>
                                <aspectratio aligny="center">scale</aspectratio>
                                <bordertexture border="21" infill="false">overlays/shadow.png</bordertexture>
                                <bordersize>20</bordersize>
                            </control>
                            <control type="image">
                                <top>20</top>
                                <left>20</left>
                                <width>204</width>
                                <height>277</height>
                                <texture background="true">$INFO[ListItem.Art(poster)]</texture>
                                <aspectratio aligny="center">keep</aspectratio>
                            </control>
                            <control type="image">
                                <left>30</left>
                                <width>184</width>
                                <height>180</height>
                                <bottom>10</bottom>
                                <texture>overlays/overlayfade.png</texture>
                                <animation effect="fade" start="100" end="80" time="0" condition="true">Conditional</animation>
                            </control>
                            <control type="textbox">
                                <left>30</left>
                                <width>182</width>
                                <height>84</height>
                                <top>210</top>
                                <align>center</align>
                                <aligny>center</aligny>
                                <font>font23_narrow</font>
                                <label>$INFO[ListItem.Label]</label>
                                <visible>String.IsEmpty(ListItem.Art(poster))</visible>
                            </control>
                        </control>
                    </itemlayout>
                    <focusedlayout height="317" width="210" condition="Container.Content(Sets)">
                        <control type="group">
                            <left>-10</left>
                            <top>10</top>
                            <control type="image">
                                <top>0</top>
                                <width>224</width>
                                <height>317</height>
                                <texture>DefaultMovies.png</texture>
                                <aspectratio aligny="center">scale</aspectratio>
                                <bordertexture border="21" infill="false">overlays/shadow.png</bordertexture>
                                <bordersize>20</bordersize>
                            </control>
                            <control type="image">
                                <top>20</top>
                                <left>20</left>
                                <width>204</width>
                                <height>277</height>
                                <texture background="true">$INFO[ListItem.Art(poster)]</texture>
                                <aspectratio aligny="center">keep</aspectratio>
                            </control>
                            <control type="image">
                                <left>30</left>
                                <width>184</width>
                                <height>180</height>
                                <bottom>10</bottom>
                                <texture>overlays/overlayfade.png</texture>
                                <animation effect="fade" start="100" end="80" time="0" condition="true">Conditional</animation>
                            </control>
                            <control type="textbox">
                                <left>30</left>
                                <width>182</width>
                                <height>84</height>
                                <top>210</top>
                                <align>center</align>
                                <aligny>center</aligny>
                                <font>font23_narrow</font>
                                <label>$INFO[ListItem.Label]</label>
                                <visible>String.IsEmpty(ListItem.Art(poster))</visible>
                            </control>
                            <control type="image">
                                <left>27</left>
                                <top>16</top>
                                <width>190</width>
                                <height>285</height>
                                <texture border="8" colordiffuse="button_focus">buttons/thumbnail_focused.png</texture>
                            </control>
                        </control>
                    </focusedlayout>
                </control>
                <control type="grouplist" id="5000">
                    <left>800</left>
                    <top>890</top>
                    <width>460</width>
                    <height>400</height>
                    <onleft>5000</onleft>
                    <onright>5000</onright>
                    <onup>140</onup>
                    <ondown condition="!Integer.IsGreater(Container(5000).Position,4)">SetFocus(50,$INFO[Container(5000).Position])</ondown>
                    <ondown condition="Integer.IsGreater(Container(5000).Position,4)">SetFocus(50,4)</ondown>
                    <itemgap>-18</itemgap>
                    <align>center</align>
                    <orientation>horizontal</orientation>
                    <scrolltime tween="quadratic">200</scrolltime>
                    <include content="InfoDialogToggleButton">
                        <param name="id" value="8" />
                        <param name="icon_on" value="icons/filemanager.png" />
                        <param name="icon_off" value="icons/infodialogs/play.png" />
                        <param name="selected" value="!String.IsEmpty(ListItem.Path) + [String.IsEqual(ListItem.DBType,tvshow) | String.IsEqual(ListItem.DBType,season) | String.IsEqual(ListItem.DBType,set)]" />
                        <param name="label" value="$VAR[VideoInfoPlayButtonLabelVar]" />
                        <param name="visible" value="true" />
                    </include>
                    <include content="InfoDialogButton">
                        <param name="id" value="11" />
                        <param name="icon" value="icons/infodialogs/trailer.png" />
                        <param name="label" value="$LOCALIZE[20410]" />
                        <param name="onclick" value="RunPlugin(plugin://plugin.video.youtube/play/?video_id=$INFO[ListItem.Trailer,plugin://plugin.video.youtube/play/?video_id=])" />
                        <param name="visible" value="true" />
                    </include>
                    <include content="InfoDialogButton">
                        <param name="id" value="441" />
                        <param name="icon" value="icons/infodialogs/cinema.png" />
                        <param name="onclick_1" value="Dialog.Close(MovieInformation)" />
                        <param name="onclick_2" value="RunScript(script.cinemavision,experience)" />
                        <param name="label" value="$LOCALIZE[31003]" />
                        <param name="visible" value="System.AddonIsEnabled(script.cinemavision) + [String.IsEqual(ListItem.DBType,movie) | String.IsEqual(ListItem.DBType,tvshow) | String.IsEqual(ListItem.DBType,season) | String.IsEqual(ListItem.DBType,episode)]" />
                    </include>
                    <include content="InfoDialogButton">
                        <param name="id" value="14" />
                        <param name="icon" value="icons/infodialogs/info.png" />
                        <param name="label" value="$LOCALIZE[207]" />
                        <param name="visible" value="true" />
                        <param name="onclick_1" value="SetProperty(TextViewer_Header,$LOCALIZE[207],home)" />
                        <param name="onclick_2" value="SetProperty(TextViewer_Text,$ESCINFO[ListItem.Plot],home)" />
                        <param name="onclick_3" value="ActivateWindow(1102)" />
                    </include>
                    <include content="InfoDialogButton">
                        <param name="id" value="101" />
                        <param name="icon" value="icons/infodialogs/info.png" />
                        <param name="label" value="$LOCALIZE[31034]" />
                        <param name="onclick_1_condition" value="!String.IsEmpty(ListItem.DBID) + String.IsEqual(ListItem.DBType,movie)" />
                        <param name="onclick_1" value="RunScript(script.embuary.info,call=movie,dbid=$INFO[ListItem.DBID])" />
                        <param name="onclick_2_condition" value="!String.IsEmpty(ListItem.DBID) + String.IsEqual(ListItem.DBType,tvshow)" />
                        <param name="onclick_2" value="RunScript(script.embuary.info,call=tv,dbid=$INFO[ListItem.DBID])" />
                        <param name="onclick_3_condition" value="!String.IsEmpty(ListItem.DBID) + String.IsEqual(ListItem.DBType,episode)" />
                        <param name="onclick_3" value="RunScript(script.embuary.info,call=tv,query='$ESCINFO[ListItem.TVShowTitle]',year=$INFO[ListItem.Year])" />
                        <param name="visible" value="System.AddonIsEnabled(script.embuary.info) + !String.IsEmpty(ListItem.DBID) + [String.IsEqual(ListItem.DbType,movie) | String.IsEqual(ListItem.DbType,tvshow) | String.IsEqual(ListItem.DbType,episode)]" />
                    </include>
                    <include content="InfoDialogButton">
                        <param name="id" value="102" />
                        <param name="icon" value="icons/infodialogs/image.png" />
                        <param name="label" value="$LOCALIZE[31028]" />
                        <param name="onclick_1" value="SetProperty(fanart,$ESCINFO[ListItem.Art(fanart)],home)" />
                        <param name="onclick_2" value="ActivateWindow(1104)" />
                        <param name="visible" value="!String.IsEmpty(ListItem.Art(fanart))" />
                    </include>
                    <include content="InfoDialogButton">
                        <param name="id" value="10" />
                        <param name="icon" value="icons/infodialogs/choose_image.png" />
                        <param name="label" value="$LOCALIZE[13511]" />
                    </include>
                    <include content="InfoDialogButton">
                        <param name="id" value="6" />
                        <param name="icon" value="icons/infodialogs/update.png" />
                        <param name="label" value="$LOCALIZE[184]" />
                        <param name="visible" value="Control.IsEnabled(6)" />
                    </include>
                </control>
                <include content="LeftRightArrows">
                    <param name="list_id" value="5000" />
                    <param name="left_posx" value="770" />
                    <param name="right_posx" value="1265" />
                    <param name="posy" value="948" />
                    <param name="visible" value="true" />
                </include>
                <include content="LeftRightArrows">
                    <param name="list_id" value="50" />
                    <param name="left_posx" value="-15" />
                    <param name="right_posx" value="1240" />
                    <param name="posy" value="320" />
                    <param name="visible" value="true" />
                </include>
            </control>
            <control type="label">
                <right>80</right>
                <top>970</top>
                <align>right</align>
                <width>1400</width>
                <height>44</height>
                <font>font20_title</font>
                <textcolor>99FFFFFF</textcolor>
                <shadowcolor>text_shadow</shadowcolor>
                <haspath>true</haspath>
                <label>$VAR[VideoInfoBottomLabelVar]</label>
                <visible>Control.HasFocus(6)</visible>
                <animation effect="fade" start="0" end="100" time="300" delay="300">WindowOpen</animation>
                <animation effect="fade" start="100" end="0" time="200">WindowClose</animation>
                <animation effect="fade" start="0" end="100" time="300">Visible</animation>
                <animation effect="fade" start="100" end="0" time="200">Hidden</animation>
            </control>
            <include content="InfoDialogTopBarInfo">
                <param name="main_label" value="$VAR[VideoInfoMainLabelVar]" />
                <param name="sub_label" value="$VAR[VideoInfoSubLabelVar]" />
            </include>
        </control>
        <control type="group">
            <animation effect="fade" start="0" end="100" time="300" delay="300">WindowOpen</animation>
            <animation effect="fade" start="100" end="0" time="200">WindowClose</animation>
            <animation effect="fade" start="100" end="0" time="200" tween="sine" condition="Window.IsVisible(script-embuary-video.xml) | Window.IsVisible(script-embuary-person.xml) | Window.IsVisible(script-embuary-image.xml)">Conditional</animation>
            <centerleft>50%</centerleft>
            <width>1920</width>
            <bottom>0</bottom>
            <height>70</height>
            <include>MediaFlags</include>
            <control type="group">
                <visible>Control.HasFocus(50) + !String.IsEqual(ListItem.DBType,set)</visible>
                <animation effect="fade" time="200">VisibleChange</animation>
                <top>10</top>
                <left>0</left>
                <control type="image">
                    <left>21</left>
                    <width>36</width>
                    <height>36</height>
                    <animation effect="rotate" end="-90" center="36,19" time="0" condition="true">Conditional</animation>
                    <texture colordiffuse="grey">frame/menu-nofo.png</texture>
                </control>
                <control type="label">
                    <left>74</left>
                    <width>500</width>
                    <height>44</height>
                    <shadowcolor>text_shadow</shadowcolor>
                    <label>$LOCALIZE[31125]</label>
                </control>
            </control>
        </control>
        <include condition="Skin.HasSetting(touchmode)">TouchBackButton</include>
    </controls>
</window>