<?xml version="1.0" encoding="UTF-8"?>
<window>
	<defaultcontrol>996</defaultcontrol>
	<include>Animation_DialogPopupOpenClose</include>
	<coordinates>
		<origin x="712" y="155"/>
	</coordinates>
	<controls>
		<include>ContextFade</include>
		<control type="group">
			<include content="CenterContext">
				<param name="id" value="996" />
			</include>
			<control type="label">
				<top>-70</top>
				<left>-225</left>
				<width>896</width>
				<height>70</height>
				<font>font36_titleb</font>
				<textcolor>black</textcolor>
				<align>center</align>
				<label>$VAR[ContextMenuTitleVar]</label>
			</control>
			<control type="button">
				<left>-1920</left>
				<top>-1080</top>
				<width>5760</width>
				<height>3240</height>
				<texturefocus />
				<texturenofocus />
				<onclick>Action(close)</onclick>
			</control>
			<control type="grouplist" id="996">
				<description>grouplist for context buttons</description>
				<left>0</left>
				<top>0</top>
				<width>446</width>
				<height max="780">auto</height>
				<usecontrolcoords>true</usecontrolcoords>
			</control>
			<include content="UpDownArrows">
				<param name="container_id" value="996" />
				<param name="posx" value="199" />
				<param name="up_posy" value="-130" />
				<param name="down_posy" value="790" />
			</include>
			<control type="button" id="1000">
				<description>button template</description>
				<left>0</left>
				<top></top>
				<width>446</width>
				<height>70</height>
				<align>center</align>
				<font>font32b</font>
				<textcolor>red</textcolor>
				<shadowcolor>black</shadowcolor>
				<shadowoffsetx>4</shadowoffsetx>
				<shadowoffsety>4</shadowoffsety>
				<focusedcolor>black</focusedcolor>
				<texturefocus colordiffuse="red">masks/focus.png</texturefocus>
				<texturenofocus />
			</control>
		</control>
	</controls>
</window>