<?xml version="1.0" encoding="UTF-8"?>
<!-- DSTV Changes! -->
<fonts>
	<fontset id="Default" idloc="15109">
		<!-- DSTV: Icon Fonts -->
		<font>
			<name>IconMediumSM</name>
			<filename>MaterialIcons-Regular.ttf</filename>
			<size>32</size>
		</font>
		<font>
			<name>IconMediumMD</name>
			<filename>MaterialIcons-Regular.ttf</filename>
			<size>42</size>
		</font>
		<font>
			<name>IconMediumLG</name>
			<filename>MaterialIcons-Regular.ttf</filename>
			<size>52</size>
		</font>
		<!-- Neflix Specials -->
		<font>
			<name>netN</name>
			<filename>Netflix-sans-medium.ttf</filename>
			<size>28</size>
		</font>
		<font>
			<name>netB</name>
			<filename>Netflix-sans-bold.ttf</filename>
			<size>33</size>
			<style>bold</style>
		</font>
		<font>
			<name>netS</name>
			<filename>Netflix-sans-medium.ttf</filename>
			<size>26</size>
		</font>
		<font>
			<name>netSs</name>
			<filename>Netflix-sans-medium.ttf</filename>
			<size>19</size>
		</font>
		<font>
			<name>netSss</name>
			<filename>Netflix-sans-medium.ttf</filename>
			<size>16</size>
		</font>
		<font>
			<name>netSp</name>
			<filename>Netflix-sans-bold.ttf</filename>
			<size>18</size>
			<style>bold</style>
		</font>
		<font>
			<name>netSsp</name>
			<filename>Netflix-sans-bold.ttf</filename>
			<size>19</size>
			<style>bold</style>
		</font>
		<!-- Normal Fonts -->
		<font>
			<name>font10</name>
			<filename>Netflix-sans-medium.ttf</filename>
			<size>21</size>
		</font>
		<font>
			<name>font12</name>
			<filename>Netflix-sans-medium.ttf</filename>
			<size>23</size>
		</font>
		<font>
			<name>font13</name>
			<filename>Netflix-sans-medium.ttf</filename>
			<size>28</size>
		</font>
		<font>
			<name>font14</name>
			<filename>Netflix-sans-medium.ttf</filename>
			<size>31</size>
		</font>
		<font>
			<name>font23_narrow</name>
			<filename>Netflix-sans-medium.ttf</filename>
			<size>21</size>
			<linespacing>0.8</linespacing>
		</font>
		<font>
			<name>font25_narrow</name>
			<filename>Netflix-sans-medium.ttf</filename>
			<size>23</size>
			<linespacing>0.8</linespacing>
		</font>
		<font>
			<name>font27</name>
			<filename>Netflix-sans-medium.ttf</filename>
			<size>25</size>
		</font>
		<font>
			<name>font27_narrow</name>
			<filename>Netflix-sans-medium.ttf</filename>
			<size>25</size>
			<linespacing>0.8</linespacing>
		</font>
		<font>
			<name>font32</name>
			<filename>Netflix-sans-medium.ttf</filename>
			<size>30</size>
		</font>
		<font>
			<name>font37</name>
			<filename>Netflix-sans-medium.ttf</filename>
			<size>35</size>
		</font>
		<font>
			<name>font45</name>
			<filename>Netflix-sans-medium.ttf</filename>
			<size>37</size>
		</font>
		<font>
			<name>font60</name>
			<filename>Netflix-sans-medium.ttf</filename>
			<size>52</size>
		</font>
		<font>
			<name>font_clock</name>
			<filename>Roboto-Thin.ttf</filename>
			<size>62</size>
		</font>
		<!-- Title Fonts -->
		<font>
			<name>font_flag</name>
			<filename>Netflix-sans-medium.ttf</filename>
			<size>16</size>
			<style>bold</style>
		</font>
		<font>
			<name>widget_label</name>
			<filename>Netflix-sans-medium.ttf</filename>
			<size>24</size>
		</font>
		<font>
			<name>font15_title</name>
			<filename>Netflix-sans-medium.ttf</filename>
			<size>13</size>
			<style>bold</style>
		</font>
		<font>
			<name>font20_title</name>
			<filename>Netflix-sans-medium.ttf</filename>
			<size>18</size>
			<style>bold</style>
		</font>
		<font>
			<name>font25_title</name>
			<filename>Netflix-sans-medium.ttf</filename>
			<size>23</size>
			<style>bold</style>
		</font>
		<font>
			<name>font30_title</name>
			<filename>Netflix-sans-medium.ttf</filename>
			<size>28</size>
			<style>bold</style>
		</font>
		<font>
			<name>font32_title</name>
			<filename>Netflix-sans-medium.ttf</filename>
			<size>30</size>
			<style>bold</style>
		</font>
		<font>
			<name>font36_title</name>
			<filename>Netflix-sans-medium.ttf</filename>
			<size>34</size>
			<style>bold</style>
		</font>
		<font>
			<name>font40_title</name>
			<filename>Netflix-sans-medium.ttf</filename>
			<size>32</size>
			<style>bold</style>
		</font>
		<font>
			<name>font45_title</name>
			<filename>Netflix-sans-medium.ttf</filename>
			<size>37</size>
			<style>bold</style>
		</font>
		<font>
			<name>font52_title</name>
			<filename>Netflix-sans-medium.ttf</filename>
			<size>44</size>
			<style>bold</style>
		</font>
		<font>
			<name>font_MainMenu</name>
			<filename>Netflix-sans-medium.ttf</filename>
			<size>52</size>
			<style>bold</style>
		</font>
		<font>
			<name>WeatherTemp</name>
			<aspect>0.85</aspect>
			<filename>Netflix-sans-medium.ttf</filename>
			<size>112</size>
			<style>bold</style>
		</font>
		<font>
			<name>Mono26</name>
			<filename>NotoMono-Regular.ttf</filename>
			<size>24</size>
		</font>
	</fontset>
	<fontset id="Arial" idloc="31053">
		<!-- DSTV: Icon Fonts -->
		<font>
			<name>IconMediumSM</name>
			<filename>MaterialIcons-Regular.ttf</filename>
			<size>32</size>
		</font>
		<font>
			<name>IconMediumMD</name>
			<filename>MaterialIcons-Regular.ttf</filename>
			<size>42</size>
		</font>
		<font>
			<name>IconMediumLG</name>
			<filename>MaterialIcons-Regular.ttf</filename>
			<size>52</size>
		</font>
		<!-- Arial Font better for non English -->
		<font>
			<name>font10</name>
			<filename>arial.ttf</filename>
			<size>16</size>
		</font>
		<font>
			<name>font12</name>
			<filename>arial.ttf</filename>
			<size>20</size>
		</font>
		<font>
			<name>font13</name>
			<filename>arial.ttf</filename>
			<size>25</size>
		</font>
		<font>
			<name>font14</name>
			<filename>arial.ttf</filename>
			<size>28</size>
		</font>
		<font>
			<name>font23_narrow</name>
			<filename>arial.ttf</filename>
			<size>21</size>
			<linespacing>0.8</linespacing>
		</font>
		<font>
			<name>font25_narrow</name>
			<filename>arial.ttf</filename>
			<size>23</size>
			<linespacing>0.8</linespacing>
		</font>
		<font>
			<name>font27</name>
			<filename>arial.ttf</filename>
			<size>25</size>
		</font>
		<font>
			<name>font27_narrow</name>
			<filename>arial.ttf</filename>
			<size>25</size>
			<linespacing>0.8</linespacing>
		</font>
		<font>
			<name>font32</name>
			<filename>arial.ttf</filename>
			<size>30</size>
		</font>
		<font>
			<name>font37</name>
			<filename>arial.ttf</filename>
			<size>35</size>
		</font>
		<font>
			<name>font45</name>
			<filename>arial.ttf</filename>
			<size>37</size>
		</font>
		<font>
			<name>font60</name>
			<filename>arial.ttf</filename>
			<size>52</size>
		</font>
		<font>
			<name>font_clock</name>
			<filename>arial.ttf</filename>
			<size>62</size>
		</font>
		<font>
			<name>font_flag</name>
			<filename>arial.ttf</filename>
			<size>16</size>
		</font>
		<font>
			<name>widget_label</name>
			<filename>arial.ttf</filename>
			<size>30</size>
			<style>bold</style>
		</font>
		<font>
			<name>font15_title</name>
			<filename>arial.ttf</filename>
			<size>13</size>
			<style>bold</style>
		</font>
		<font>
			<name>font20_title</name>
			<filename>arial.ttf</filename>
			<size>18</size>
			<style>bold</style>
		</font>
		<font>
			<name>font25_title</name>
			<filename>arial.ttf</filename>
			<size>23</size>
			<style>bold</style>
		</font>
		<font>
			<name>font30_title</name>
			<filename>arial.ttf</filename>
			<size>28</size>
			<style>bold</style>
		</font>
		<font>
			<name>font32_title</name>
			<filename>arial.ttf</filename>
			<size>30</size>
			<style>bold</style>
		</font>
		<font>
			<name>font36_title</name>
			<filename>arial.ttf</filename>
			<size>34</size>
			<style>bold</style>
		</font>
		<font>
			<name>font40_title</name>
			<filename>arial.ttf</filename>
			<size>32</size>
			<style>bold</style>
		</font>
		<font>
			<name>font45_title</name>
			<filename>arial.ttf</filename>
			<size>37</size>
			<style>bold</style>
		</font>
		<font>
			<name>font52_title</name>
			<filename>arial.ttf</filename>
			<size>44</size>
			<style>bold</style>
		</font>
		<font>
			<name>font_MainMenu</name>
			<filename>arial.ttf</filename>
			<size>52</size>
			<style>bold</style>
		</font>
		<font>
			<name>WeatherTemp</name>
			<aspect>0.75</aspect>
			<filename>arial.ttf</filename>
			<size>112</size>
			<style>bold</style>
		</font>
		<font>
			<name>Mono26</name>
			<filename>arial.ttf</filename>
			<size>24</size>
		</font>
	</fontset>
</fonts>