<?xml version="1.0" encoding="UTF-8"?>
<includes>
	<!-- VARIABLES -->
	<!-- Set global properties with: 
		A) SetProperty(key, value)
		B) SetProperty(key, value, id)
	called with 
		A) Window().Property(key)
		B) Window(id).Property(key)
	cleared with
		A) ClearProperty(key)
		B) ClearProperty(key, id)
	-->
	<variable name="ds_DescriptionVar">
	<value condition="!String.IsEmpty(ListItem.property(description))">$INFO[ListItem.property(description)]</value>
		<value condition="!String.IsEmpty(Window.Property(ds_setdesc))">$INFO[Window.Property(ds_setdesc)]</value>
		<value></value>
	</variable>
	<variable name="ds_forcedView_text">
		<value condition="[Container.Content() + !String.IsEmpty(Skin.String(Skin.ForcedView.))]">[I]$INFO[Skin.String(Skin.ForcedView.)][/I]</value>
		<value condition="[Container.Content(tags) + !String.IsEmpty(Skin.String(Skin.ForcedView.tags))]">[I]$INFO[Skin.String(Skin.ForcedView.tags)][/I]</value>
		<value condition="[Container.Content(years) + !String.IsEmpty(Skin.String(Skin.ForcedView.years))]">[I]$INFO[Skin.String(Skin.ForcedView.years)][/I]</value>
		<value condition="[Container.Content(genres) + !String.IsEmpty(Skin.String(Skin.ForcedView.genres))]">[I]$INFO[Skin.String(Skin.ForcedView.genres)][/I]</value>
		<value condition="[Container.Content(countries) + !String.IsEmpty(Skin.String(Skin.ForcedView.countries))]">[I]$INFO[Skin.String(Skin.ForcedView.countries)][/I]</value>
		<value condition="[Container.Content(studios) + !String.IsEmpty(Skin.String(Skin.ForcedView.studios))]">[I]$INFO[Skin.String(Skin.ForcedView.studios)][/I]</value>
		<value condition="[Container.Content(playlists) + !String.IsEmpty(Skin.String(Skin.ForcedView.playlists))]">[I]$INFO[Skin.String(Skin.ForcedView.playlists)][/I]</value>
		<value condition="[Container.Content(movies) + !String.IsEmpty(Skin.String(Skin.ForcedView.movies))]">[I]$INFO[Skin.String(Skin.ForcedView.movies)][/I]</value>
		<value condition="[Container.Content(sets) + !String.IsEmpty(Skin.String(Skin.ForcedView.sets))]">[I]$INFO[Skin.String(Skin.ForcedView.sets)][/I]</value>
		<value condition="[Container.Content(tvshows) + !String.IsEmpty(Skin.String(Skin.ForcedView.tvshows))]">[I]$INFO[Skin.String(Skin.ForcedView.tvshows)][/I]</value>
		<value condition="[Container.Content(seasons) + !String.IsEmpty(Skin.String(Skin.ForcedView.seasons))]">[I]$INFO[Skin.String(Skin.ForcedView.seasons)][/I]</value>
		<value condition="[Container.Content(episodes) + !String.IsEmpty(Skin.String(Skin.ForcedView.episodes))]">[I]$INFO[Skin.String(Skin.ForcedView.episodes)][/I]</value>
		<value condition="[Container.Content(artists) + !String.IsEmpty(Skin.String(Skin.ForcedView.artists))]">[I]$INFO[Skin.String(Skin.ForcedView.artists)][/I]</value>
		<value condition="[Container.Content(albums) + !String.IsEmpty(Skin.String(Skin.ForcedView.albums))]">[I]$INFO[Skin.String(Skin.ForcedView.albums)][/I]</value>
		<value condition="[Container.Content(songs) + !String.IsEmpty(Skin.String(Skin.ForcedView.songs))]">[I]$INFO[Skin.String(Skin.ForcedView.songs)][/I]</value>
		<value condition="[Container.Content(musicvideos) + !String.IsEmpty(Skin.String(Skin.ForcedView.musicvideos))]">[I]$INFO[Skin.String(Skin.ForcedView.musicvideos)][/I]</value>
		<value condition="[Container.Content(addons) + !String.IsEmpty(Skin.String(Skin.ForcedView.addons))]">[I]$INFO[Skin.String(Skin.ForcedView.addons)][/I]</value>
		<value condition="[Container.Content(actors) + !String.IsEmpty(Skin.String(Skin.ForcedView.actors))]">[I]$INFO[Skin.String(Skin.ForcedView.actors)][/I]</value>
		<value condition="[Container.Content(directors) + !String.IsEmpty(Skin.String(Skin.ForcedView.directors))]">[I]$INFO[Skin.String(Skin.ForcedView.directors)][/I]</value>
		<value condition="[Container.Content(files) + !String.IsEmpty(Skin.String(Skin.ForcedView.files))]">[I]$INFO[Skin.String(Skin.ForcedView.files)][/I]</value>
		<value condition="[Container.Content(mixed) + !String.IsEmpty(Skin.String(Skin.ForcedView.mixed))]">[I]$INFO[Skin.String(Skin.ForcedView.mixed)][/I]</value>
		<value condition="[Container.Content(images) + !String.IsEmpty(Skin.String(Skin.ForcedView.images))]">[I]$INFO[Skin.String(Skin.ForcedView.images)][/I]</value>
		<value condition="[Container.Content(games) + !String.IsEmpty(Skin.String(Skin.ForcedView.games))]">[I]$INFO[Skin.String(Skin.ForcedView.games)][/I]</value>
		<value condition="[Container.Content(unknown) + !String.IsEmpty(Skin.String(Skin.ForcedView.unknown))]">[I]$INFO[Skin.String(Skin.ForcedView.unknown)][/I]</value>
		<value condition="[Container.Content(videos) + !String.IsEmpty(Skin.String(Skin.ForcedView.videos))]">[I]$INFO[Skin.String(Skin.ForcedView.videos)][/I]</value>
		<value>[B]$INFO[Container.Viewmode][/B]</value>
	</variable>
	<variable name="ds_infoDate">
		<value condition="!String.IsEmpty(ListItem.Premiered)">$INFO[ListItem.Premiered]</value>
		<value condition="!String.IsEmpty(ListItem.Date)">$INFO[ListItem.Date]</value>
		<value condition="!String.IsEmpty(ListItem.Year)">$INFO[ListItem.Year]</value>
		<value condition="!String.IsEmpty(Window(home).Property(ds_info_dt_premier))">$INFO[Window(home).Property(ds_info_dt_premier)]</value>
		<value condition="!String.IsEmpty(Window(home).Property(ds_info_dt_date))">$INFO[Window(home).Property(ds_info_dt_date)]</value>
		<value condition="!String.IsEmpty(Window(home).Property(ds_info_dt_year))">$INFO[Window(home).Property(ds_info_dt_year)]</value>
		<value></value>
	</variable>
	<variable name="ds_infoDescription">
		<value condition="!String.IsEmpty(ListItem.AddonName)">$INFO[ListItem.AddonDescription]</value>
		<value condition="!String.IsEmpty(ListItem.Property(Album_Description))">$INFO[ListItem.Property(Album_Description)]</value>
		<value condition="!String.IsEmpty(ListItem.Property(Artist_Description))">$INFO[ListItem.Property(Artist_Description)]</value>
		<value condition="!String.IsEmpty(ListItem.Plot)">$INFO[ListItem.Plot]</value>
		<value condition="!String.IsEmpty(Window(home).Property(ds_info_desc))">$INFO[Window(home).Property(ds_info_desc)]</value>
		<value></value>
	</variable>
	<variable name="ds_infoDuration">
		<value condition="!String.IsEmpty(ListItem.Duration)">$INFO[ListItem.Duration(hh:mm:ss)]</value>
		<value condition="!String.IsEmpty(Window(home).Property(ds_info_duration))">$INFO[Window(home).Property(ds_info_duration)]</value>
		<value condition="!Control.HasFocus(9000) + !Control.HasFocus(59999)">--:--:--</value>
		<value></value>
	</variable>
	<variable name="ds_infoFanart">
		<value condition="!String.IsEmpty(ListItem.Art(fanart))">$INFO[ListItem.Art(fanart)]</value>
		<value condition="!String.IsEmpty(ListItem.Property(fanart))">$INFO[ListItem.Property(fanart)]</value>
		<value condition="!String.IsEmpty(Window(home).Property(ds_info_fanart_art))">$INFO[Window(home).Property(ds_info_fanart_art)]</value>
		<value condition="!String.IsEmpty(Window(home).Property(ds_info_fanart_prop))">$INFO[Window(home).Property(ds_info_fanart_prop)]</value>
		<value></value>
	</variable>
	<variable name="ds_infoGenre">
		<value condition="!String.IsEmpty(ListItem.Genre)">$INFO[ListItem.Genre]</value>
		<value condition="!String.IsEmpty(Window(home).Property(ds_info_genre))">$INFO[Window(home).Property(ds_info_genre)]</value>
		<value></value>
	</variable>
	<variable name="ds_infoRating">
		<value condition="!String.IsEmpty(ListItem.Rating)">$INFO[ListItem.Rating,Rating: ]</value>
		<value condition="!String.IsEmpty(Window(home).Property(ds_info_rating))">$INFO[Window(home).Property(ds_info_rating),Rating: ]</value>
		<value></value>
	</variable>
	<variable name="ds_infoRat">
		<value condition="!String.IsEmpty(ListItem.Rating)">$INFO[ListItem.Rating]</value>
		<value condition="!String.IsEmpty(Window(home).Property(ds_infoRat))">$INFO[Window(home).Property(ds_infoRat)]</value>
		<value></value>
	</variable>
	<variable name="ds_infoRatIMDB">
		<value condition="!String.IsEmpty(Window(home).Property(ds_info_imdb_rating))">$INFO[Window(home).Property(ds_info_imdb_rating)]</value>
	</variable>
	<variable name="ds_info_trakt_rating">
		<value condition="!String.IsEmpty(Window(home).Property(ds_info_trakt_rating))">$INFO[Window(home).Property(ds_info_trakt_rating)]</value>
	</variable>
	<variable name="ds_info_letterboxd_rating">
		<value condition="!String.IsEmpty(Window(home).Property(ds_info_letterboxd_rating))">$INFO[Window(home).Property(ds_info_letterboxd_rating)]</value>
	</variable>
	<variable name="ds_infoRatfire">
		<value condition="
			String.StartsWith(ListItem.Rating,8) |
			String.StartsWith(ListItem.Rating,9) |
			String.StartsWith(ListItem.Rating,10) |
			String.StartsWith(ListItem.Rating,7.2) |
			String.StartsWith(ListItem.Rating,7.3) |
			String.StartsWith(ListItem.Rating,7.4) |
			String.StartsWith(ListItem.Rating,7.5) |
			String.StartsWith(ListItem.Rating,7.6) |
			String.StartsWith(ListItem.Rating,7.7) |
			String.StartsWith(ListItem.Rating,7.8) |
			String.StartsWith(ListItem.Rating,7.9)
		">
			dstv/truefire.png
		</value>
		<value></value>
	</variable>
	<variable name="ds_infoRatingv">
		<value condition="!String.IsEmpty(ListItem.RatingAndVotes)">$INFO[ListItem.RatingAndVotes]</value>
		<value condition="!String.IsEmpty(Window(home).Property(ds_infoRatingv))">$INFO[Window(home).Property(ds_infoRatingv)]</value>
		<value></value>
	</variable>
	<variable name="ds_infoAgeRating">
		<value condition="!String.IsEmpty(ListItem.Mpaa)">[B][ $INFO[ListItem.Mpaa] ][/B]</value>
		<value condition="!String.IsEmpty(Window(home).Property(ds_info_agerating))">[B][ $INFO[Window(home).Property(ds_info_agerating)] ][/B]</value>
		<value></value>
	</variable>
	<variable name="ds_infoStudio">
		<value condition="!String.IsEmpty(ListItem.Studio)">[B]| $INFO[ListItem.Studio][/B]</value>
		<value condition="!String.IsEmpty(Window(home).Property(ds_info_studio))">[B]| $INFO[Window(home).Property(ds_info_studio)][/B]</value>
		<value></value>
	</variable>
	<variable name="ds_infoTagline">
		<value condition="!String.IsEmpty(ListItem.Tagline)">$INFO[ListItem.Tagline]</value>
		<value condition="!String.IsEmpty(Window(home).Property(ds_info_tagline))">$INFO[Window(home).Property(ds_info_tagline)]</value>
		<value></value>
	</variable>
	<variable name="ds_infoTitle">
		<value condition="!String.IsEmpty(Window(home).Property(ds_info_title))">$INFO[Window(home).Property(ds_info_title)]</value>
		<value></value>
	</variable>
	<variable name="ds_infoWeather">
		<value condition="!String.IsEmpty(ListItem.Property(weather))">$INFO[ListItem.Property(weather)]</value>
		<value condition="!String.IsEmpty(Window(home).Property(ds_info_weather))">$INFO[Window(home).Property(ds_info_weather)]</value>
		<value></value>
	</variable>
	<variable name="ds_kodi_icon">
		<value>special://xbmc/media/vendor_icon.png</value>
	</variable>
	<variable name="ds_menu_item_case">
		<value condition="String.IsEqual(Skin.String(dstv_menu_items_text_case),titlecase)">Title Case</value>
		<value condition="String.IsEqual(Skin.String(dstv_menu_items_text_case),allcaps)">ALL CAPS</value>
		<value>ExAcT</value>
	</variable>
	<variable name="ds_menu_widget_case">
		<value condition="String.IsEqual(Skin.String(dstv_menu_widgets_text_case),titlecase)">Title Case</value>
		<value condition="String.IsEqual(Skin.String(dstv_menu_widgets_text_case),allcaps)">ALL CAPS</value>
		<value>ExAcT</value>
	</variable>
	<variable name="ds_menu_item_text">
		<value condition="String.IsEqual(Skin.String(dstv_menu_items_text_case),titlecase)">[CAPITALIZE][LOWERCASE]$INFO[ListItem.Label][/LOWERCASE][/CAPITALIZE]</value>
		<value condition="String.IsEqual(Skin.String(dstv_menu_items_text_case),allcaps)">[UPPERCASE]$INFO[ListItem.Label][/UPPERCASE]</value>
		<value>$INFO[ListItem.Label]</value>
	</variable>
	<variable name="ds_menu_widget_text">
		<value condition="String.IsEqual(Skin.String(dstv_menu_widgets_text_case),titlecase)">[CAPITALIZE][LOWERCASE]$INFO[ListItem.Label][/LOWERCASE][/CAPITALIZE]</value>
		<value condition="String.IsEqual(Skin.String(dstv_menu_widgets_text_case),allcaps)">[UPPERCASE]$INFO[ListItem.Label][/UPPERCASE]</value>
		<value>$INFO[ListItem.Label]</value>
	</variable>
	<variable name="ds_netflixDiffuse">
		<value condition="Skin.HasSetting(netflix_small_diffuse)">dstv/netflix_diffuse2.png</value>
		<value>dstv/netflix_diffuse1.png</value>
	</variable>
	<variable name="ds_WidgetDisplayVar">
		<value condition="String.IsEqual(Container(211).ListItem.Property(displayType),posters)">Posters</value>
		<value condition="String.IsEqual(Container(211).ListItem.Property(displayType),squares)">Squares</value>
		<value condition="String.IsEqual(Container(211).ListItem.Property(displayType),landscape)">Landscape</value>
		<value>Posters</value>
	</variable>
	<variable name="ds_WidgetDisplayTitlesVar">
		<value condition="String.IsEqual(Container(211).ListItem.Property(displayTitles),true)">Yes</value>
		<value>No</value>
	</variable>
	<variable name="ds_WidgetLimitVar">
		<value condition="String.IsEmpty(Container(211).ListItem.Property(widgetLimit))">None</value>
		<value condition="String.IsEqual(Container(211).ListItem.Property(widgetLimit),5)">5</value>
		<value condition="String.IsEqual(Container(211).ListItem.Property(widgetLimit),10)">10</value>
		<value condition="String.IsEqual(Container(211).ListItem.Property(widgetLimit),15)">15</value>
		<value condition="String.IsEqual(Container(211).ListItem.Property(widgetLimit),20)">20</value>
		<value condition="String.IsEqual(Container(211).ListItem.Property(widgetLimit),25)">25</value>
		<value condition="String.IsEqual(Container(211).ListItem.Property(widgetLimit),50)">50</value>
		<value condition="String.IsEqual(Container(211).ListItem.Property(widgetLimit),75)">75</value>
		<value condition="String.IsEqual(Container(211).ListItem.Property(widgetLimit),100)">100</value>
		<value>ERR:UNKNOWN</value>
	</variable>
	<variable name="ds_WidgetPanelSquare">
		<value condition="!String.IsEmpty(ListItem.Icon)">$INFO[ListItem.Icon]</value>
		<value condition="String.IsEqual(listitem.dbtype,genre) + System.AddonIsEnabled(resource.images.moviegenreicons.transparent)">$INFO[ListItem.Label,resource://resource.images.moviegenreicons.transparent/,.png]</value>
		<value condition="String.IsEqual(listitem.dbtype,studio) + System.AddonIsEnabled(resource.images.studios.white)">$INFO[ListItem.Label,resource://resource.images.studios.white/,.png]</value>
		<value condition="!String.IsEmpty(ListItem.Art(poster))">$INFO[ListItem.Art(poster)]</value>
		<value condition="!String.IsEmpty(ListItem.Property(poster))">$INFO[ListItem.Property(poster)]</value>
		<value condition="!String.IsEmpty(ListItem.Art(keyart))">$INFO[ListItem.Art(keyart)]</value>
		<value condition="!String.IsEmpty(ListItem.Property(keyart))">$INFO[ListItem.Property(keyart)]</value>
		<value condition="!String.IsEmpty(ListItem.Art(landscape))">$INFO[ListItem.Art(landscape)]</value>
		<value condition="!String.IsEmpty(ListItem.Property(landscape))">$INFO[ListItem.Property(landscape)]</value>
		<value condition="!String.IsEmpty(ListItem.Art(fanart))">$INFO[ListItem.Art(fanart)]</value>
		<value condition="!String.IsEmpty(ListItem.Property(fanart))">$INFO[ListItem.Property(fanart)]</value>
		<value>dstv/kodi.png</value>
	</variable>
	<variable name="ds_WidgetPanelPoster">
		<value condition="!String.IsEmpty(ListItem.Art(poster))">$INFO[ListItem.Art(poster)]</value>
		<value condition="!String.IsEmpty(ListItem.Property(poster))">$INFO[ListItem.Property(poster)]</value>
		<value condition="!String.IsEmpty(ListItem.Art(keyart))">$INFO[ListItem.Art(keyart)]</value>
		<value condition="!String.IsEmpty(ListItem.Property(keyart))">$INFO[ListItem.Property(keyart)]</value>
		<value condition="String.IsEqual(listitem.dbtype,genre) + System.AddonIsEnabled(resource.images.moviegenreicons.transparent)">$INFO[ListItem.Label,resource://resource.images.moviegenreicons.transparent/,.png]</value>
		<value condition="String.IsEqual(listitem.dbtype,studio) + System.AddonIsEnabled(resource.images.studios.white)">$INFO[ListItem.Label,resource://resource.images.studios.white/,.png]</value>
		<value condition="!String.IsEmpty(ListItem.Icon)">$INFO[ListItem.Icon]</value>
		<value>dstv/kodi_poster.png</value>
	</variable>
	<variable name="ds_WidgetPanelLandscape">
		<value condition="!String.IsEmpty(ListItem.Art(landscape))">$INFO[ListItem.Art(landscape)]</value>
		<value condition="!String.IsEmpty(ListItem.Property(landscape))">$INFO[ListItem.Property(landscape)]</value>
		<value condition="!String.IsEmpty(ListItem.Art(fanart))">$INFO[ListItem.Art(fanart)]</value>
		<value condition="!String.IsEmpty(ListItem.Property(fanart))">$INFO[ListItem.Property(fanart)]</value>
		<value></value>
	</variable>
	<variable name="ds_WidgetPanelClearArt">
		<value condition="!String.IsEmpty(ListItem.Art(clearart))">$INFO[ListItem.Art(clearart)]</value>
		<value></value>
	</variable>
	<variable name="ds_WidgetPanelClearLogo">
		<value condition="!String.IsEmpty(ListItem.Art(clearlogo))">$INFO[ListItem.Art(clearlogo)]</value>
		<value condition="String.IsEqual(listitem.dbtype,genre) + System.AddonIsEnabled(resource.images.moviegenreicons.transparent)">$INFO[ListItem.Label,resource://resource.images.moviegenreicons.transparent/,.png]</value>
		<value condition="String.IsEqual(listitem.dbtype,studio) + System.AddonIsEnabled(resource.images.studios.white)">$INFO[ListItem.Label,resource://resource.images.studios.white/,.png]</value>
		<value condition="!String.IsEmpty(ListItem.Icon)">$INFO[ListItem.Icon]</value>
		<value>dstv/kodi_landscape.png</value>
		<value></value>
	</variable>
	<variable name="ds_WidgetSortByVar">
		<value condition="String.IsEmpty(Container(211).ListItem.Property(widgetSortBy))">Default</value>
		<value condition="String.IsEqual(Container(211).ListItem.Property(widgetSortBy),title)">Title</value>
		<value condition="String.IsEqual(Container(211).ListItem.Property(widgetSortBy),dateadded)">Date Added</value>
		<value condition="String.IsEqual(Container(211).ListItem.Property(widgetSortBy),year)">Date Released</value>
		<value condition="String.IsEqual(Container(211).ListItem.Property(widgetSortBy),lastplayed)">Last Played (Media)</value>
		<value condition="String.IsEqual(Container(211).ListItem.Property(widgetSortBy),lastused)">Last Used (Apps)</value>
		<value condition="String.IsEqual(Container(211).ListItem.Property(widgetSortBy),random)">Random</value>
		<value>ERR:UNKNOWN</value>
	</variable>
	<variable name="ds_WidgetSortOrderVar">
		<value condition="String.IsEmpty(Container(211).ListItem.Property(widgetSortOrder))">Default</value>
		<value condition="String.IsEqual(Container(211).ListItem.Property(widgetSortOrder),ascending)">Ascending</value>
		<value condition="String.IsEqual(Container(211).ListItem.Property(widgetSortOrder),descending)">Descending</value>
		<value>ERR:UNKNOWN</value>
	</variable>
</includes>