<includes>
	<include name="skinshortcuts-mainmenu">
		<item id="1">
			<property name="id">$NUMBER[1]</property>
			<label>Search</label>
			<label2 />
			<icon>DefaultShortcut.png</icon>
			<thumb>special://skin/extras/icons/widg icons/search3.png</thumb>
			<property name="labelID">search</property>
			<onclick>noop</onclick>
			<visible>String.IsEqual(System.ProfileName,Master user)</visible>
			<property name="submenuVisibility">search</property>
			<property name="myCustomProperty">foo</property>
			<property name="hasSubmenu">True</property>
			</item>
		<item id="2">
			<property name="id">$NUMBER[2]</property>
			<label>Movies</label>
			<label2 />
			<icon>DefaultShortcut.png</icon>
			<thumb>special://skin/extras/icons/widg icons/home.png</thumb>
			<property name="labelID">movies</property>
			<onclick>noop</onclick>
			<visible>String.IsEqual(System.ProfileName,Master user)</visible>
			<property name="submenuVisibility">movies</property>
			<property name="myCustomProperty">foo</property>
			<property name="hasSubmenu">True</property>
			</item>
		<item id="3">
			<property name="id">$NUMBER[3]</property>
			<label>TV Shows</label>
			<label2 />
			<icon>DefaultShortcut.png</icon>
			<thumb>special://skin/extras/icons/widg icons/clapperboard.png</thumb>
			<property name="labelID">tvshows</property>
			<onclick>noop</onclick>
			<visible>String.IsEqual(System.ProfileName,Master user)</visible>
			<property name="submenuVisibility">tvshows</property>
			<property name="myCustomProperty">foo</property>
			<property name="hasSubmenu">True</property>
			</item>
		<item id="4">
			<property name="id">$NUMBER[4]</property>
			<label>Streammy</label>
			<label2 />
			<icon>DefaultShortcut.png</icon>
			<thumb>special://skin/extras/icons/widg icons/categories.png</thumb>
			<property name="labelID">streammy</property>
			<onclick>noop</onclick>
			<visible>String.IsEqual(System.ProfileName,Master user)</visible>
			<property name="submenuVisibility">streammy</property>
			<property name="myCustomProperty">foo</property>
			<property name="hasSubmenu">True</property>
			</item>
		</include>
	<include />
	<include name="skinshortcuts-submenu">
		<item id="1">
			<property name="id">$NUMBER[1]</property>
			<property name="mainmenuid">1</property>
			<label>Search</label>
			<label2 />
			<icon>DefaultShortcut.png</icon>
			<thumb />
			<property name="labelID">search</property>
			<property name="widgetPath">plugin://plugin.video.themoviedb.helper/?info=dir_multisearch&amp;tmdb_type=None&amp;widget=true&amp;reload=$INFO[Window(Home).Property(TMDbHelper.Widgets.Reload)]</property>
			<property name="displayType">squares</property>
			<property name="displayTitles">true</property>
			<onclick>noop</onclick>
			<visible>[String.IsEqual(System.ProfileName,Master user)] + String.IsEqual(Container(9000).ListItem.Property(submenuVisibility),search)</visible>
			<property name="isSubmenu">True</property>
			</item>
		<item id="1">
			<property name="id">$NUMBER[1]</property>
			<property name="mainmenuid">2</property>
			<label>Anticipated Movies</label>
			<label2 />
			<icon>DefaultShortcut.png</icon>
			<thumb />
			<property name="labelID">anticipatedmovies</property>
			<property name="widgetPath">plugin://plugin.video.themoviedb.helper/?info=trakt_anticipated&amp;tmdb_type=movie&amp;widget=true&amp;reload=$INFO[Window(Home).Property(TMDbHelper.Widgets.Reload)]</property>
			<property name="widgetSortBy">year</property>
			<property name="widgetSortOrder">ascending</property>
			<onclick>noop</onclick>
			<visible>[String.IsEqual(System.ProfileName,Master user)] + String.IsEqual(Container(9000).ListItem.Property(submenuVisibility),movies)</visible>
			<property name="isSubmenu">True</property>
			</item>
		<item id="2">
			<property name="id">$NUMBER[2]</property>
			<property name="mainmenuid">2</property>
			<label>In Theatres</label>
			<label2 />
			<icon>DefaultShortcut.png</icon>
			<thumb />
			<property name="labelID">intheatres</property>
			<property name="widgetPath">plugin://plugin.video.themoviedb.helper/?info=discover&amp;tmdb_type=movie&amp;tmdb_id=None&amp;with_id=True&amp;with_separator=AND&amp;sort_by=popularity.desc&amp;primary_release_date.gte=t-20&amp;release_date.gte=t-20&amp;primary_release_date.lte=t%2B7&amp;release_date.lte=t%2B7&amp;with_release_type=2+%2F+3&amp;widget=true&amp;reload=$INFO[Window(Home).Property(TMDbHelper.Widgets.Reload)]</property>
			<onclick>noop</onclick>
			<visible>[String.IsEqual(System.ProfileName,Master user)] + String.IsEqual(Container(9000).ListItem.Property(submenuVisibility),movies)</visible>
			<property name="isSubmenu">True</property>
			</item>
		<item id="3">
			<property name="id">$NUMBER[3]</property>
			<property name="mainmenuid">2</property>
			<label>New Movies</label>
			<label2 />
			<icon>DefaultShortcut.png</icon>
			<thumb />
			<property name="labelID">newmovies</property>
			<property name="widgetPath">plugin://plugin.video.themoviedb.helper/?info=discover&amp;tmdb_type=movie&amp;tmdb_id=None&amp;with_id=True&amp;with_separator=AND&amp;sort_by=primary_release_date.desc&amp;primary_release_date.lte=t-0&amp;release_date.lte=t-0&amp;with_release_type=4+%2F+5+%2F+6&amp;vote_count.gte=5&amp;vote_average.gte=5&amp;widget=true&amp;reload=$INFO[Window(Home).Property(TMDbHelper.Widgets.Reload)]</property>
			<onclick>noop</onclick>
			<visible>[String.IsEqual(System.ProfileName,Master user)] + String.IsEqual(Container(9000).ListItem.Property(submenuVisibility),movies)</visible>
			<property name="isSubmenu">True</property>
			</item>
		<item id="4">
			<property name="id">$NUMBER[4]</property>
			<property name="mainmenuid">2</property>
			<label>Popular New Movies</label>
			<label2 />
			<icon>DefaultShortcut.png</icon>
			<thumb />
			<property name="labelID">popularnewmovies</property>
			<property name="widgetPath">plugin://plugin.video.themoviedb.helper/?info=discover&amp;tmdb_type=movie&amp;tmdb_id=None&amp;with_id=True&amp;with_separator=AND&amp;sort_by=primary_release_date.desc&amp;primary_release_date.lte=t-0&amp;release_date.lte=t-0&amp;with_release_type=4+%2F+5+%2F+6&amp;vote_count.gte=50&amp;vote_average.gte=5&amp;widget=true&amp;reload=$INFO[Window(Home).Property(TMDbHelper.Widgets.Reload)]</property>
			<onclick>noop</onclick>
			<visible>[String.IsEqual(System.ProfileName,Master user)] + String.IsEqual(Container(9000).ListItem.Property(submenuVisibility),movies)</visible>
			<property name="isSubmenu">True</property>
			</item>
		<item id="5">
			<property name="id">$NUMBER[5]</property>
			<property name="mainmenuid">2</property>
			<label>Popular Movies</label>
			<label2 />
			<icon>DefaultShortcut.png</icon>
			<thumb />
			<property name="labelID">popularmovies</property>
			<property name="widgetPath">plugin://plugin.video.themoviedb.helper/?info=discover&amp;tmdb_type=movie&amp;tmdb_id=None&amp;with_id=True&amp;with_separator=AND&amp;sort_by=popularity.desc&amp;primary_release_date.lte=t-31&amp;release_date.lte=t-31&amp;widget=true&amp;reload=$INFO[Window(Home).Property(TMDbHelper.Widgets.Reload)]</property>
			<onclick>noop</onclick>
			<visible>[String.IsEqual(System.ProfileName,Master user)] + String.IsEqual(Container(9000).ListItem.Property(submenuVisibility),movies)</visible>
			<property name="isSubmenu">True</property>
			</item>
		<item id="6">
			<property name="id">$NUMBER[6]</property>
			<property name="mainmenuid">2</property>
			<label>Top Rated</label>
			<label2 />
			<icon>DefaultShortcut.png</icon>
			<thumb />
			<property name="labelID">toprated</property>
			<property name="widgetPath">plugin://plugin.video.themoviedb.helper/?info=discover&amp;tmdb_type=movie&amp;tmdb_id=None&amp;with_id=True&amp;with_separator=AND&amp;sort_by=vote_average.desc&amp;primary_release_date.gte=t-365&amp;vote_count.gte=100&amp;widget=true&amp;reload=$INFO[Window(Home).Property(TMDbHelper.Widgets.Reload)]</property>
			<onclick>noop</onclick>
			<visible>[String.IsEqual(System.ProfileName,Master user)] + String.IsEqual(Container(9000).ListItem.Property(submenuVisibility),movies)</visible>
			<property name="isSubmenu">True</property>
			</item>
		<item id="7">
			<property name="id">$NUMBER[7]</property>
			<property name="mainmenuid">2</property>
			<label>Most Voted</label>
			<label2 />
			<icon>DefaultShortcut.png</icon>
			<thumb />
			<property name="labelID">mostvoted</property>
			<property name="widgetPath">plugin://plugin.video.themoviedb.helper/?info=discover&amp;tmdb_type=movie&amp;tmdb_id=None&amp;with_id=True&amp;with_separator=AND&amp;sort_by=vote_count.desc&amp;primary_release_date.gte=t-365&amp;primary_release_date.lte=t-31&amp;release_date.gte=t-365&amp;release_date.lte=t-31&amp;widget=true&amp;reload=$INFO[Window(Home).Property(TMDbHelper.Widgets.Reload)]</property>
			<onclick>noop</onclick>
			<visible>[String.IsEqual(System.ProfileName,Master user)] + String.IsEqual(Container(9000).ListItem.Property(submenuVisibility),movies)</visible>
			<property name="isSubmenu">True</property>
			</item>
		<item id="8">
			<property name="id">$NUMBER[8]</property>
			<property name="mainmenuid">2</property>
			<label>Movie Genres</label>
			<label2 />
			<icon>DefaultShortcut.png</icon>
			<thumb />
			<property name="labelID">moviegenres</property>
			<property name="widgetPath">plugin://plugin.video.themoviedb.helper/?info=genres&amp;tmdb_type=movie&amp;widget=true&amp;reload=$INFO[Window(Home).Property(TMDbHelper.Widgets.Reload)]</property>
			<property name="displayType">squares</property>
			<property name="displayTitles">true</property>
			<onclick>noop</onclick>
			<visible>[String.IsEqual(System.ProfileName,Master user)] + String.IsEqual(Container(9000).ListItem.Property(submenuVisibility),movies)</visible>
			<property name="isSubmenu">True</property>
			</item>
		<item id="1">
			<property name="id">$NUMBER[1]</property>
			<property name="mainmenuid">3</property>
			<label>Anticipated TV Shows</label>
			<label2 />
			<icon>DefaultShortcut.png</icon>
			<thumb />
			<property name="labelID">anticipatedtvshows</property>
			<property name="widgetPath">plugin://plugin.video.themoviedb.helper/?info=trakt_anticipated&amp;tmdb_type=tv&amp;widget=true&amp;reload=$INFO[Window(Home).Property(TMDbHelper.Widgets.Reload)]</property>
			<property name="widgetSortBy">year</property>
			<property name="widgetSortOrder">ascending</property>
			<onclick>noop</onclick>
			<visible>[String.IsEqual(System.ProfileName,Master user)] + String.IsEqual(Container(9000).ListItem.Property(submenuVisibility),tvshows)</visible>
			<property name="isSubmenu">True</property>
			</item>
		<item id="2">
			<property name="id">$NUMBER[2]</property>
			<property name="mainmenuid">3</property>
			<label>New TV Shows</label>
			<label2 />
			<icon>DefaultShortcut.png</icon>
			<thumb />
			<property name="labelID">newtvshows</property>
			<property name="widgetPath">plugin://plugin.video.themoviedb.helper/?info=discover&amp;tmdb_type=tv&amp;tmdb_id=None&amp;with_id=True&amp;with_separator=AND&amp;sort_by=first_air_date.desc&amp;first_air_date.lte=t-0&amp;vote_count.gte=5&amp;vote_average.gte=5&amp;widget=true&amp;reload=$INFO[Window(Home).Property(TMDbHelper.Widgets.Reload)]</property>
			<onclick>noop</onclick>
			<visible>[String.IsEqual(System.ProfileName,Master user)] + String.IsEqual(Container(9000).ListItem.Property(submenuVisibility),tvshows)</visible>
			<property name="isSubmenu">True</property>
			</item>
		<item id="3">
			<property name="id">$NUMBER[3]</property>
			<property name="mainmenuid">3</property>
			<label>Popular New TV</label>
			<label2 />
			<icon>DefaultShortcut.png</icon>
			<thumb />
			<property name="labelID">popularnewtv</property>
			<property name="widgetPath">plugin://plugin.video.themoviedb.helper/?info=discover&amp;tmdb_type=tv&amp;tmdb_id=None&amp;with_id=True&amp;with_separator=AND&amp;sort_by=first_air_date.desc&amp;first_air_date.lte=t-0&amp;vote_count.gte=50&amp;vote_average.gte=5&amp;widget=true&amp;reload=$INFO[Window(Home).Property(TMDbHelper.Widgets.Reload)]</property>
			<onclick>noop</onclick>
			<visible>[String.IsEqual(System.ProfileName,Master user)] + String.IsEqual(Container(9000).ListItem.Property(submenuVisibility),tvshows)</visible>
			<property name="isSubmenu">True</property>
			</item>
		<item id="4">
			<property name="id">$NUMBER[4]</property>
			<property name="mainmenuid">3</property>
			<label>Popular on TV</label>
			<label2 />
			<icon>DefaultShortcut.png</icon>
			<thumb />
			<property name="labelID">popularontv</property>
			<property name="widgetPath">plugin://plugin.video.themoviedb.helper/?info=discover&amp;tmdb_type=tv&amp;tmdb_id=None&amp;with_id=True&amp;with_separator=AND&amp;sort_by=popularity.desc&amp;first_air_date.gte=t-2000&amp;first_air_date.lte=t-31&amp;vote_count.gte=50&amp;vote_average.gte=5&amp;widget=true&amp;reload=$INFO[Window(Home).Property(TMDbHelper.Widgets.Reload)]</property>
			<onclick>noop</onclick>
			<visible>[String.IsEqual(System.ProfileName,Master user)] + String.IsEqual(Container(9000).ListItem.Property(submenuVisibility),tvshows)</visible>
			<property name="isSubmenu">True</property>
			</item>
		<item id="5">
			<property name="id">$NUMBER[5]</property>
			<property name="mainmenuid">3</property>
			<label>Top Rated TV</label>
			<label2 />
			<icon>DefaultShortcut.png</icon>
			<thumb />
			<property name="labelID">topratedtv</property>
			<property name="widgetPath">plugin://plugin.video.themoviedb.helper/?info=discover&amp;tmdb_type=tv&amp;tmdb_id=None&amp;with_id=True&amp;with_separator=AND&amp;sort_by=vote_average.desc&amp;first_air_date.gte=t-365&amp;vote_count.gte=100&amp;widget=true&amp;reload=$INFO[Window(Home).Property(TMDbHelper.Widgets.Reload)]</property>
			<onclick>noop</onclick>
			<visible>[String.IsEqual(System.ProfileName,Master user)] + String.IsEqual(Container(9000).ListItem.Property(submenuVisibility),tvshows)</visible>
			<property name="isSubmenu">True</property>
			</item>
		<item id="6">
			<property name="id">$NUMBER[6]</property>
			<property name="mainmenuid">3</property>
			<label>Most Voted TV</label>
			<label2 />
			<icon>DefaultShortcut.png</icon>
			<thumb />
			<property name="labelID">mostvotedtv</property>
			<property name="widgetPath">plugin://plugin.video.themoviedb.helper/?info=discover&amp;tmdb_type=tv&amp;tmdb_id=None&amp;with_id=True&amp;with_separator=AND&amp;sort_by=vote_count.desc&amp;first_air_date.gte=t-365&amp;widget=true&amp;reload=$INFO[Window(Home).Property(TMDbHelper.Widgets.Reload)]</property>
			<onclick>noop</onclick>
			<visible>[String.IsEqual(System.ProfileName,Master user)] + String.IsEqual(Container(9000).ListItem.Property(submenuVisibility),tvshows)</visible>
			<property name="isSubmenu">True</property>
			</item>
		<item id="7">
			<property name="id">$NUMBER[7]</property>
			<property name="mainmenuid">3</property>
			<label>TV Airing Today</label>
			<label2 />
			<icon>DefaultShortcut.png</icon>
			<thumb />
			<property name="labelID">tvairingtoday</property>
			<property name="widgetPath">plugin://plugin.video.themoviedb.helper/?info=discover&amp;tmdb_type=tv&amp;tmdb_id=None&amp;with_id=True&amp;with_separator=AND&amp;sort_by=popularity.desc&amp;air_date.gte=t-0&amp;air_date.lte=t-0&amp;widget=true&amp;reload=$INFO[Window(Home).Property(TMDbHelper.Widgets.Reload)]</property>
			<onclick>noop</onclick>
			<visible>[String.IsEqual(System.ProfileName,Master user)] + String.IsEqual(Container(9000).ListItem.Property(submenuVisibility),tvshows)</visible>
			<property name="isSubmenu">True</property>
			</item>
		<item id="8">
			<property name="id">$NUMBER[8]</property>
			<property name="mainmenuid">3</property>
			<label>TV Genres</label>
			<label2 />
			<icon>DefaultShortcut.png</icon>
			<thumb />
			<property name="labelID">tvgenres</property>
			<property name="widgetPath">plugin://plugin.video.themoviedb.helper/?info=genres&amp;tmdb_type=tv&amp;widget=true&amp;reload=$INFO[Window(Home).Property(TMDbHelper.Widgets.Reload)]</property>
			<property name="displayType">squares</property>
			<property name="displayTitles">true</property>
			<onclick>noop</onclick>
			<visible>[String.IsEqual(System.ProfileName,Master user)] + String.IsEqual(Container(9000).ListItem.Property(submenuVisibility),tvshows)</visible>
			<property name="isSubmenu">True</property>
			</item>
		<item id="1">
			<property name="id">$NUMBER[1]</property>
			<property name="mainmenuid">4</property>
			<label>Netflix</label>
			<label2 />
			<icon>DefaultShortcut.png</icon>
			<thumb />
			<property name="labelID">netflix</property>
			<property name="widgetPath">plugin://plugin.video.pov/?name=32449&amp;iconImage=trending.png&amp;mode=build_movie_list&amp;action=trakt_movies_trending_recent&amp;reload=$INFO[Window(Home).Property(widgetreload-movies)]</property>
			<onclick>noop</onclick>
			<visible>[String.IsEqual(System.ProfileName,Master user)] + String.IsEqual(Container(9000).ListItem.Property(submenuVisibility),streammy)</visible>
			<property name="isSubmenu">True</property>
			</item>
		<item id="2">
			<property name="id">$NUMBER[2]</property>
			<property name="mainmenuid">4</property>
			<label>Amazon Prime</label>
			<label2 />
			<icon>DefaultShortcut.png</icon>
			<thumb />
			<property name="labelID">amazonprime</property>
			<onclick>noop</onclick>
			<visible>[String.IsEqual(System.ProfileName,Master user)] + String.IsEqual(Container(9000).ListItem.Property(submenuVisibility),streammy)</visible>
			<property name="isSubmenu">True</property>
			</item>
		<item id="3">
			<property name="id">$NUMBER[3]</property>
			<property name="mainmenuid">4</property>
			<label>Disney+</label>
			<label2 />
			<icon>DefaultShortcut.png</icon>
			<thumb />
			<property name="labelID">disney</property>
			<onclick>noop</onclick>
			<visible>[String.IsEqual(System.ProfileName,Master user)] + String.IsEqual(Container(9000).ListItem.Property(submenuVisibility),streammy)</visible>
			<property name="isSubmenu">True</property>
			</item>
		<item id="4">
			<property name="id">$NUMBER[4]</property>
			<property name="mainmenuid">4</property>
			<label>Apple TV+</label>
			<label2 />
			<icon>DefaultShortcut.png</icon>
			<thumb />
			<property name="labelID">appletv</property>
			<onclick>noop</onclick>
			<visible>[String.IsEqual(System.ProfileName,Master user)] + String.IsEqual(Container(9000).ListItem.Property(submenuVisibility),streammy)</visible>
			<property name="isSubmenu">True</property>
			</item>
		</include>
	<include name="skinshortcuts-template-ss_widgets">
		<include condition="String.IsEqual(System.ProfileName,Master user)">skinshortcuts-template-ss_widgets-Master user</include>
		</include>
	<include name="skinshortcuts-template-ss_widgets-Master user">
		<control type="grouplist" id="50000">
			<include>Visible_Right</include>
			<visible>String.IsEqual(Container(9000).ListItem.Property(submenuVisibility),search)</visible>
			<left>0</left>
			<top>54%</top>
			<width>100%</width>
			<height>440</height>
			<scrolltime tween="linear" easing="in">250</scrolltime>
			<orientation>vertical</orientation>
			<wrap>true</wrap>
			<wraparound>true</wraparound>
			<itemgap>-40</itemgap>
			<usecontrolcoords>true</usecontrolcoords>
			<include content="ds_widgetPanelList">
				<param name="list_id" value="50101" />
				<param name="widget_header" value="Search" />
				<param name="content_path" value="plugin://plugin.video.themoviedb.helper/?info=dir_multisearch&amp;tmdb_type=None&amp;widget=true&amp;reload=$INFO[Window(Home).Property(TMDbHelper.Widgets.Reload)]" />
				<param name="sortby" value="" />
				<param name="sortorder" value="" />
				<param name="limit" value="" />
				<param name="widget_target" value="videos" />
				<param name="width" value="214" />
				<param name="height" value="214" />
				<param name="widget_width" value="225" />
				<param name="widget_height" value="322" />
				<param name="aspect_ratio" value="stretch" />
				<param name="display_titles" value="true" />
				<param name="display_type" value="squares" />
				<param name="display_type_isposters" value="false" />
				<param name="display_type_issquares" value="true" />
				<param name="display_type_islandscape" value="false" />
				<param name="pvr_tv_rec_status" value="false" />
				<param name="w_cond" value="false" />
				<param name="w_hour" value="false" />
				<param name="w_forc" value="false" />
				</include>
			<control type="button" id="59999">
				<visible>Integer.IsLess(Container(50000).NumItems,2)</visible>
				<animation effect="fade" start="100" end="0" time="250" tween="sine" reversible="true" condition="!Control.HasFocus(59999)">Conditional</animation>
				<left>500</left>
				<right>400</right>
				<height>150</height>
				<align>center</align>
				<aligny>center</aligny>
				<label>This menu item has no widgets or the widgets have no content.[CR]Press OK to edit your Main Menu widgets.[CR](Or hold BACK and select Skin Settings from the popup menu)</label>
				<wrapmultiline>true</wrapmultiline>
				<onup>50000</onup>
				<ondown>50000</ondown>
				<onleft>9000</onleft>
				<onright>9000</onright>
				<onback>9000</onback>
				<onclick>ActivateWindowAndFocus(skinsettings,9000,1,8201,0)</onclick>
				<onfocus>SetProperty(ds_mainmenu_hidden,true,home)</onfocus>
				<onfocus>ClearProperty(ds_info_title)</onfocus>
				<onfocus>ClearProperty(ds_info_dt_premier)</onfocus>
				<onfocus>ClearProperty(ds_info_dt_date)</onfocus>
				<onfocus>ClearProperty(ds_info_dt_year)</onfocus>
				<onfocus>ClearProperty(ds_info_duration)</onfocus>
				<onfocus>ClearProperty(ds_info_rating)</onfocus>
				<onfocus>ClearProperty(ds_info_agerating)</onfocus>
				<onfocus>ClearProperty(ds_info_studio)</onfocus>
				<onfocus>ClearProperty(ds_info_genre)</onfocus>
				<onfocus>ClearProperty(ds_info_tagline)</onfocus>
				<onfocus>ClearProperty(ds_info_desc)</onfocus>
				<onfocus>ClearProperty(ds_info_weather)</onfocus>
				<onfocus>ClearProperty(ds_info_fanart_art)</onfocus>
				<onfocus>ClearProperty(ds_info_fanart_prop)</onfocus>
				<onfocus>ClearProperty(ds_info_clearlogo)</onfocus>
				<onfocus>ClearProperty(ds_info_imdb_id)</onfocus>
				<onfocus>ClearProperty(ds_info_dbtype)</onfocus>
				<texturefocus colordiffuse="selected">dstv/test_small.png</texturefocus>
				<texturenofocus colordiffuse="disabled">dstv/test_small.png</texturenofocus>
				</control>
			</control>
		<control type="grouplist" id="50000">
			<include>Visible_Right</include>
			<visible>String.IsEqual(Container(9000).ListItem.Property(submenuVisibility),movies)</visible>
			<left>0</left>
			<top>54%</top>
			<width>100%</width>
			<height>440</height>
			<scrolltime tween="linear" easing="in">250</scrolltime>
			<orientation>vertical</orientation>
			<wrap>true</wrap>
			<wraparound>true</wraparound>
			<itemgap>-40</itemgap>
			<usecontrolcoords>true</usecontrolcoords>
			<include content="ds_widgetPanelList">
				<param name="list_id" value="50201" />
				<param name="widget_header" value="Anticipated Movies" />
				<param name="content_path" value="plugin://plugin.video.themoviedb.helper/?info=trakt_anticipated&amp;tmdb_type=movie&amp;widget=true&amp;reload=$INFO[Window(Home).Property(TMDbHelper.Widgets.Reload)]" />
				<param name="sortby" value="year" />
				<param name="sortorder" value="ascending" />
				<param name="limit" value="" />
				<param name="widget_target" value="videos" />
				<param name="width" value="212" />
				<param name="height" value="322" />
				<param name="widget_width" value="225" />
				<param name="widget_height" value="430" />
				<param name="aspect_ratio" value="stretch" />
				<param name="display_titles" value="false" />
				<param name="display_type" value="posters" />
				<param name="display_type_isposters" value="true" />
				<param name="display_type_issquares" value="false" />
				<param name="display_type_islandscape" value="false" />
				<param name="pvr_tv_rec_status" value="false" />
				<param name="w_cond" value="false" />
				<param name="w_hour" value="false" />
				<param name="w_forc" value="false" />
				</include>
			<include content="ds_widgetPanelList">
				<param name="list_id" value="50202" />
				<param name="widget_header" value="In Theatres" />
				<param name="content_path" value="plugin://plugin.video.themoviedb.helper/?info=discover&amp;tmdb_type=movie&amp;tmdb_id=None&amp;with_id=True&amp;with_separator=AND&amp;sort_by=popularity.desc&amp;primary_release_date.gte=t-20&amp;release_date.gte=t-20&amp;primary_release_date.lte=t%2B7&amp;release_date.lte=t%2B7&amp;with_release_type=2+%2F+3&amp;widget=true&amp;reload=$INFO[Window(Home).Property(TMDbHelper.Widgets.Reload)]" />
				<param name="sortby" value="" />
				<param name="sortorder" value="" />
				<param name="limit" value="" />
				<param name="widget_target" value="videos" />
				<param name="width" value="212" />
				<param name="height" value="322" />
				<param name="widget_width" value="225" />
				<param name="widget_height" value="430" />
				<param name="aspect_ratio" value="stretch" />
				<param name="display_titles" value="false" />
				<param name="display_type" value="posters" />
				<param name="display_type_isposters" value="true" />
				<param name="display_type_issquares" value="false" />
				<param name="display_type_islandscape" value="false" />
				<param name="pvr_tv_rec_status" value="false" />
				<param name="w_cond" value="false" />
				<param name="w_hour" value="false" />
				<param name="w_forc" value="false" />
				</include>
			<include content="ds_widgetPanelList">
				<param name="list_id" value="50203" />
				<param name="widget_header" value="New Movies" />
				<param name="content_path" value="plugin://plugin.video.themoviedb.helper/?info=discover&amp;tmdb_type=movie&amp;tmdb_id=None&amp;with_id=True&amp;with_separator=AND&amp;sort_by=primary_release_date.desc&amp;primary_release_date.lte=t-0&amp;release_date.lte=t-0&amp;with_release_type=4+%2F+5+%2F+6&amp;vote_count.gte=5&amp;vote_average.gte=5&amp;widget=true&amp;reload=$INFO[Window(Home).Property(TMDbHelper.Widgets.Reload)]" />
				<param name="sortby" value="" />
				<param name="sortorder" value="" />
				<param name="limit" value="" />
				<param name="widget_target" value="videos" />
				<param name="width" value="212" />
				<param name="height" value="322" />
				<param name="widget_width" value="225" />
				<param name="widget_height" value="430" />
				<param name="aspect_ratio" value="stretch" />
				<param name="display_titles" value="false" />
				<param name="display_type" value="posters" />
				<param name="display_type_isposters" value="true" />
				<param name="display_type_issquares" value="false" />
				<param name="display_type_islandscape" value="false" />
				<param name="pvr_tv_rec_status" value="false" />
				<param name="w_cond" value="false" />
				<param name="w_hour" value="false" />
				<param name="w_forc" value="false" />
				</include>
			<include content="ds_widgetPanelList">
				<param name="list_id" value="50204" />
				<param name="widget_header" value="Popular New Movies" />
				<param name="content_path" value="plugin://plugin.video.themoviedb.helper/?info=discover&amp;tmdb_type=movie&amp;tmdb_id=None&amp;with_id=True&amp;with_separator=AND&amp;sort_by=primary_release_date.desc&amp;primary_release_date.lte=t-0&amp;release_date.lte=t-0&amp;with_release_type=4+%2F+5+%2F+6&amp;vote_count.gte=50&amp;vote_average.gte=5&amp;widget=true&amp;reload=$INFO[Window(Home).Property(TMDbHelper.Widgets.Reload)]" />
				<param name="sortby" value="" />
				<param name="sortorder" value="" />
				<param name="limit" value="" />
				<param name="widget_target" value="videos" />
				<param name="width" value="212" />
				<param name="height" value="322" />
				<param name="widget_width" value="225" />
				<param name="widget_height" value="430" />
				<param name="aspect_ratio" value="stretch" />
				<param name="display_titles" value="false" />
				<param name="display_type" value="posters" />
				<param name="display_type_isposters" value="true" />
				<param name="display_type_issquares" value="false" />
				<param name="display_type_islandscape" value="false" />
				<param name="pvr_tv_rec_status" value="false" />
				<param name="w_cond" value="false" />
				<param name="w_hour" value="false" />
				<param name="w_forc" value="false" />
				</include>
			<include content="ds_widgetPanelList">
				<param name="list_id" value="50205" />
				<param name="widget_header" value="Popular Movies" />
				<param name="content_path" value="plugin://plugin.video.themoviedb.helper/?info=discover&amp;tmdb_type=movie&amp;tmdb_id=None&amp;with_id=True&amp;with_separator=AND&amp;sort_by=popularity.desc&amp;primary_release_date.lte=t-31&amp;release_date.lte=t-31&amp;widget=true&amp;reload=$INFO[Window(Home).Property(TMDbHelper.Widgets.Reload)]" />
				<param name="sortby" value="" />
				<param name="sortorder" value="" />
				<param name="limit" value="" />
				<param name="widget_target" value="videos" />
				<param name="width" value="212" />
				<param name="height" value="322" />
				<param name="widget_width" value="225" />
				<param name="widget_height" value="430" />
				<param name="aspect_ratio" value="stretch" />
				<param name="display_titles" value="false" />
				<param name="display_type" value="posters" />
				<param name="display_type_isposters" value="true" />
				<param name="display_type_issquares" value="false" />
				<param name="display_type_islandscape" value="false" />
				<param name="pvr_tv_rec_status" value="false" />
				<param name="w_cond" value="false" />
				<param name="w_hour" value="false" />
				<param name="w_forc" value="false" />
				</include>
			<include content="ds_widgetPanelList">
				<param name="list_id" value="50206" />
				<param name="widget_header" value="Top Rated" />
				<param name="content_path" value="plugin://plugin.video.themoviedb.helper/?info=discover&amp;tmdb_type=movie&amp;tmdb_id=None&amp;with_id=True&amp;with_separator=AND&amp;sort_by=vote_average.desc&amp;primary_release_date.gte=t-365&amp;vote_count.gte=100&amp;widget=true&amp;reload=$INFO[Window(Home).Property(TMDbHelper.Widgets.Reload)]" />
				<param name="sortby" value="" />
				<param name="sortorder" value="" />
				<param name="limit" value="" />
				<param name="widget_target" value="videos" />
				<param name="width" value="212" />
				<param name="height" value="322" />
				<param name="widget_width" value="225" />
				<param name="widget_height" value="430" />
				<param name="aspect_ratio" value="stretch" />
				<param name="display_titles" value="false" />
				<param name="display_type" value="posters" />
				<param name="display_type_isposters" value="true" />
				<param name="display_type_issquares" value="false" />
				<param name="display_type_islandscape" value="false" />
				<param name="pvr_tv_rec_status" value="false" />
				<param name="w_cond" value="false" />
				<param name="w_hour" value="false" />
				<param name="w_forc" value="false" />
				</include>
			<include content="ds_widgetPanelList">
				<param name="list_id" value="50207" />
				<param name="widget_header" value="Most Voted" />
				<param name="content_path" value="plugin://plugin.video.themoviedb.helper/?info=discover&amp;tmdb_type=movie&amp;tmdb_id=None&amp;with_id=True&amp;with_separator=AND&amp;sort_by=vote_count.desc&amp;primary_release_date.gte=t-365&amp;primary_release_date.lte=t-31&amp;release_date.gte=t-365&amp;release_date.lte=t-31&amp;widget=true&amp;reload=$INFO[Window(Home).Property(TMDbHelper.Widgets.Reload)]" />
				<param name="sortby" value="" />
				<param name="sortorder" value="" />
				<param name="limit" value="" />
				<param name="widget_target" value="videos" />
				<param name="width" value="212" />
				<param name="height" value="322" />
				<param name="widget_width" value="225" />
				<param name="widget_height" value="430" />
				<param name="aspect_ratio" value="stretch" />
				<param name="display_titles" value="false" />
				<param name="display_type" value="posters" />
				<param name="display_type_isposters" value="true" />
				<param name="display_type_issquares" value="false" />
				<param name="display_type_islandscape" value="false" />
				<param name="pvr_tv_rec_status" value="false" />
				<param name="w_cond" value="false" />
				<param name="w_hour" value="false" />
				<param name="w_forc" value="false" />
				</include>
			<include content="ds_widgetPanelList">
				<param name="list_id" value="50208" />
				<param name="widget_header" value="Movie Genres" />
				<param name="content_path" value="plugin://plugin.video.themoviedb.helper/?info=genres&amp;tmdb_type=movie&amp;widget=true&amp;reload=$INFO[Window(Home).Property(TMDbHelper.Widgets.Reload)]" />
				<param name="sortby" value="" />
				<param name="sortorder" value="" />
				<param name="limit" value="" />
				<param name="widget_target" value="videos" />
				<param name="width" value="214" />
				<param name="height" value="214" />
				<param name="widget_width" value="225" />
				<param name="widget_height" value="322" />
				<param name="aspect_ratio" value="stretch" />
				<param name="display_titles" value="true" />
				<param name="display_type" value="squares" />
				<param name="display_type_isposters" value="false" />
				<param name="display_type_issquares" value="true" />
				<param name="display_type_islandscape" value="false" />
				<param name="pvr_tv_rec_status" value="false" />
				<param name="w_cond" value="false" />
				<param name="w_hour" value="false" />
				<param name="w_forc" value="false" />
				</include>
			<control type="button" id="59999">
				<visible>Integer.IsLess(Container(50000).NumItems,2)</visible>
				<animation effect="fade" start="100" end="0" time="250" tween="sine" reversible="true" condition="!Control.HasFocus(59999)">Conditional</animation>
				<left>500</left>
				<right>400</right>
				<height>150</height>
				<align>center</align>
				<aligny>center</aligny>
				<label>This menu item has no widgets or the widgets have no content.[CR]Press OK to edit your Main Menu widgets.[CR](Or hold BACK and select Skin Settings from the popup menu)</label>
				<wrapmultiline>true</wrapmultiline>
				<onup>50000</onup>
				<ondown>50000</ondown>
				<onleft>9000</onleft>
				<onright>9000</onright>
				<onback>9000</onback>
				<onclick>ActivateWindowAndFocus(skinsettings,9000,1,8201,0)</onclick>
				<onfocus>SetProperty(ds_mainmenu_hidden,true,home)</onfocus>
				<onfocus>ClearProperty(ds_info_title)</onfocus>
				<onfocus>ClearProperty(ds_info_dt_premier)</onfocus>
				<onfocus>ClearProperty(ds_info_dt_date)</onfocus>
				<onfocus>ClearProperty(ds_info_dt_year)</onfocus>
				<onfocus>ClearProperty(ds_info_duration)</onfocus>
				<onfocus>ClearProperty(ds_info_rating)</onfocus>
				<onfocus>ClearProperty(ds_info_agerating)</onfocus>
				<onfocus>ClearProperty(ds_info_studio)</onfocus>
				<onfocus>ClearProperty(ds_info_genre)</onfocus>
				<onfocus>ClearProperty(ds_info_tagline)</onfocus>
				<onfocus>ClearProperty(ds_info_desc)</onfocus>
				<onfocus>ClearProperty(ds_info_weather)</onfocus>
				<onfocus>ClearProperty(ds_info_fanart_art)</onfocus>
				<onfocus>ClearProperty(ds_info_fanart_prop)</onfocus>
				<onfocus>ClearProperty(ds_info_clearlogo)</onfocus>
				<onfocus>ClearProperty(ds_info_imdb_id)</onfocus>
				<onfocus>ClearProperty(ds_info_dbtype)</onfocus>
				<texturefocus colordiffuse="selected">dstv/test_small.png</texturefocus>
				<texturenofocus colordiffuse="disabled">dstv/test_small.png</texturenofocus>
				</control>
			</control>
		<control type="grouplist" id="50000">
			<include>Visible_Right</include>
			<visible>String.IsEqual(Container(9000).ListItem.Property(submenuVisibility),tvshows)</visible>
			<left>0</left>
			<top>54%</top>
			<width>100%</width>
			<height>440</height>
			<scrolltime tween="linear" easing="in">250</scrolltime>
			<orientation>vertical</orientation>
			<wrap>true</wrap>
			<wraparound>true</wraparound>
			<itemgap>-40</itemgap>
			<usecontrolcoords>true</usecontrolcoords>
			<include content="ds_widgetPanelList">
				<param name="list_id" value="50301" />
				<param name="widget_header" value="Anticipated TV Shows" />
				<param name="content_path" value="plugin://plugin.video.themoviedb.helper/?info=trakt_anticipated&amp;tmdb_type=tv&amp;widget=true&amp;reload=$INFO[Window(Home).Property(TMDbHelper.Widgets.Reload)]" />
				<param name="sortby" value="year" />
				<param name="sortorder" value="ascending" />
				<param name="limit" value="" />
				<param name="widget_target" value="videos" />
				<param name="width" value="212" />
				<param name="height" value="322" />
				<param name="widget_width" value="225" />
				<param name="widget_height" value="430" />
				<param name="aspect_ratio" value="stretch" />
				<param name="display_titles" value="false" />
				<param name="display_type" value="posters" />
				<param name="display_type_isposters" value="true" />
				<param name="display_type_issquares" value="false" />
				<param name="display_type_islandscape" value="false" />
				<param name="pvr_tv_rec_status" value="false" />
				<param name="w_cond" value="false" />
				<param name="w_hour" value="false" />
				<param name="w_forc" value="false" />
				</include>
			<include content="ds_widgetPanelList">
				<param name="list_id" value="50302" />
				<param name="widget_header" value="New TV Shows" />
				<param name="content_path" value="plugin://plugin.video.themoviedb.helper/?info=discover&amp;tmdb_type=tv&amp;tmdb_id=None&amp;with_id=True&amp;with_separator=AND&amp;sort_by=first_air_date.desc&amp;first_air_date.lte=t-0&amp;vote_count.gte=5&amp;vote_average.gte=5&amp;widget=true&amp;reload=$INFO[Window(Home).Property(TMDbHelper.Widgets.Reload)]" />
				<param name="sortby" value="" />
				<param name="sortorder" value="" />
				<param name="limit" value="" />
				<param name="widget_target" value="videos" />
				<param name="width" value="212" />
				<param name="height" value="322" />
				<param name="widget_width" value="225" />
				<param name="widget_height" value="430" />
				<param name="aspect_ratio" value="stretch" />
				<param name="display_titles" value="false" />
				<param name="display_type" value="posters" />
				<param name="display_type_isposters" value="true" />
				<param name="display_type_issquares" value="false" />
				<param name="display_type_islandscape" value="false" />
				<param name="pvr_tv_rec_status" value="false" />
				<param name="w_cond" value="false" />
				<param name="w_hour" value="false" />
				<param name="w_forc" value="false" />
				</include>
			<include content="ds_widgetPanelList">
				<param name="list_id" value="50303" />
				<param name="widget_header" value="Popular New TV" />
				<param name="content_path" value="plugin://plugin.video.themoviedb.helper/?info=discover&amp;tmdb_type=tv&amp;tmdb_id=None&amp;with_id=True&amp;with_separator=AND&amp;sort_by=first_air_date.desc&amp;first_air_date.lte=t-0&amp;vote_count.gte=50&amp;vote_average.gte=5&amp;widget=true&amp;reload=$INFO[Window(Home).Property(TMDbHelper.Widgets.Reload)]" />
				<param name="sortby" value="" />
				<param name="sortorder" value="" />
				<param name="limit" value="" />
				<param name="widget_target" value="videos" />
				<param name="width" value="212" />
				<param name="height" value="322" />
				<param name="widget_width" value="225" />
				<param name="widget_height" value="430" />
				<param name="aspect_ratio" value="stretch" />
				<param name="display_titles" value="false" />
				<param name="display_type" value="posters" />
				<param name="display_type_isposters" value="true" />
				<param name="display_type_issquares" value="false" />
				<param name="display_type_islandscape" value="false" />
				<param name="pvr_tv_rec_status" value="false" />
				<param name="w_cond" value="false" />
				<param name="w_hour" value="false" />
				<param name="w_forc" value="false" />
				</include>
			<include content="ds_widgetPanelList">
				<param name="list_id" value="50304" />
				<param name="widget_header" value="Popular on TV" />
				<param name="content_path" value="plugin://plugin.video.themoviedb.helper/?info=discover&amp;tmdb_type=tv&amp;tmdb_id=None&amp;with_id=True&amp;with_separator=AND&amp;sort_by=popularity.desc&amp;first_air_date.gte=t-2000&amp;first_air_date.lte=t-31&amp;vote_count.gte=50&amp;vote_average.gte=5&amp;widget=true&amp;reload=$INFO[Window(Home).Property(TMDbHelper.Widgets.Reload)]" />
				<param name="sortby" value="" />
				<param name="sortorder" value="" />
				<param name="limit" value="" />
				<param name="widget_target" value="videos" />
				<param name="width" value="212" />
				<param name="height" value="322" />
				<param name="widget_width" value="225" />
				<param name="widget_height" value="430" />
				<param name="aspect_ratio" value="stretch" />
				<param name="display_titles" value="false" />
				<param name="display_type" value="posters" />
				<param name="display_type_isposters" value="true" />
				<param name="display_type_issquares" value="false" />
				<param name="display_type_islandscape" value="false" />
				<param name="pvr_tv_rec_status" value="false" />
				<param name="w_cond" value="false" />
				<param name="w_hour" value="false" />
				<param name="w_forc" value="false" />
				</include>
			<include content="ds_widgetPanelList">
				<param name="list_id" value="50305" />
				<param name="widget_header" value="Top Rated TV" />
				<param name="content_path" value="plugin://plugin.video.themoviedb.helper/?info=discover&amp;tmdb_type=tv&amp;tmdb_id=None&amp;with_id=True&amp;with_separator=AND&amp;sort_by=vote_average.desc&amp;first_air_date.gte=t-365&amp;vote_count.gte=100&amp;widget=true&amp;reload=$INFO[Window(Home).Property(TMDbHelper.Widgets.Reload)]" />
				<param name="sortby" value="" />
				<param name="sortorder" value="" />
				<param name="limit" value="" />
				<param name="widget_target" value="videos" />
				<param name="width" value="212" />
				<param name="height" value="322" />
				<param name="widget_width" value="225" />
				<param name="widget_height" value="430" />
				<param name="aspect_ratio" value="stretch" />
				<param name="display_titles" value="false" />
				<param name="display_type" value="posters" />
				<param name="display_type_isposters" value="true" />
				<param name="display_type_issquares" value="false" />
				<param name="display_type_islandscape" value="false" />
				<param name="pvr_tv_rec_status" value="false" />
				<param name="w_cond" value="false" />
				<param name="w_hour" value="false" />
				<param name="w_forc" value="false" />
				</include>
			<include content="ds_widgetPanelList">
				<param name="list_id" value="50306" />
				<param name="widget_header" value="Most Voted TV" />
				<param name="content_path" value="plugin://plugin.video.themoviedb.helper/?info=discover&amp;tmdb_type=tv&amp;tmdb_id=None&amp;with_id=True&amp;with_separator=AND&amp;sort_by=vote_count.desc&amp;first_air_date.gte=t-365&amp;widget=true&amp;reload=$INFO[Window(Home).Property(TMDbHelper.Widgets.Reload)]" />
				<param name="sortby" value="" />
				<param name="sortorder" value="" />
				<param name="limit" value="" />
				<param name="widget_target" value="videos" />
				<param name="width" value="212" />
				<param name="height" value="322" />
				<param name="widget_width" value="225" />
				<param name="widget_height" value="430" />
				<param name="aspect_ratio" value="stretch" />
				<param name="display_titles" value="false" />
				<param name="display_type" value="posters" />
				<param name="display_type_isposters" value="true" />
				<param name="display_type_issquares" value="false" />
				<param name="display_type_islandscape" value="false" />
				<param name="pvr_tv_rec_status" value="false" />
				<param name="w_cond" value="false" />
				<param name="w_hour" value="false" />
				<param name="w_forc" value="false" />
				</include>
			<include content="ds_widgetPanelList">
				<param name="list_id" value="50307" />
				<param name="widget_header" value="TV Airing Today" />
				<param name="content_path" value="plugin://plugin.video.themoviedb.helper/?info=discover&amp;tmdb_type=tv&amp;tmdb_id=None&amp;with_id=True&amp;with_separator=AND&amp;sort_by=popularity.desc&amp;air_date.gte=t-0&amp;air_date.lte=t-0&amp;widget=true&amp;reload=$INFO[Window(Home).Property(TMDbHelper.Widgets.Reload)]" />
				<param name="sortby" value="" />
				<param name="sortorder" value="" />
				<param name="limit" value="" />
				<param name="widget_target" value="videos" />
				<param name="width" value="212" />
				<param name="height" value="322" />
				<param name="widget_width" value="225" />
				<param name="widget_height" value="430" />
				<param name="aspect_ratio" value="stretch" />
				<param name="display_titles" value="false" />
				<param name="display_type" value="posters" />
				<param name="display_type_isposters" value="true" />
				<param name="display_type_issquares" value="false" />
				<param name="display_type_islandscape" value="false" />
				<param name="pvr_tv_rec_status" value="false" />
				<param name="w_cond" value="false" />
				<param name="w_hour" value="false" />
				<param name="w_forc" value="false" />
				</include>
			<include content="ds_widgetPanelList">
				<param name="list_id" value="50308" />
				<param name="widget_header" value="TV Genres" />
				<param name="content_path" value="plugin://plugin.video.themoviedb.helper/?info=genres&amp;tmdb_type=tv&amp;widget=true&amp;reload=$INFO[Window(Home).Property(TMDbHelper.Widgets.Reload)]" />
				<param name="sortby" value="" />
				<param name="sortorder" value="" />
				<param name="limit" value="" />
				<param name="widget_target" value="videos" />
				<param name="width" value="214" />
				<param name="height" value="214" />
				<param name="widget_width" value="225" />
				<param name="widget_height" value="322" />
				<param name="aspect_ratio" value="stretch" />
				<param name="display_titles" value="true" />
				<param name="display_type" value="squares" />
				<param name="display_type_isposters" value="false" />
				<param name="display_type_issquares" value="true" />
				<param name="display_type_islandscape" value="false" />
				<param name="pvr_tv_rec_status" value="false" />
				<param name="w_cond" value="false" />
				<param name="w_hour" value="false" />
				<param name="w_forc" value="false" />
				</include>
			<control type="button" id="59999">
				<visible>Integer.IsLess(Container(50000).NumItems,2)</visible>
				<animation effect="fade" start="100" end="0" time="250" tween="sine" reversible="true" condition="!Control.HasFocus(59999)">Conditional</animation>
				<left>500</left>
				<right>400</right>
				<height>150</height>
				<align>center</align>
				<aligny>center</aligny>
				<label>This menu item has no widgets or the widgets have no content.[CR]Press OK to edit your Main Menu widgets.[CR](Or hold BACK and select Skin Settings from the popup menu)</label>
				<wrapmultiline>true</wrapmultiline>
				<onup>50000</onup>
				<ondown>50000</ondown>
				<onleft>9000</onleft>
				<onright>9000</onright>
				<onback>9000</onback>
				<onclick>ActivateWindowAndFocus(skinsettings,9000,1,8201,0)</onclick>
				<onfocus>SetProperty(ds_mainmenu_hidden,true,home)</onfocus>
				<onfocus>ClearProperty(ds_info_title)</onfocus>
				<onfocus>ClearProperty(ds_info_dt_premier)</onfocus>
				<onfocus>ClearProperty(ds_info_dt_date)</onfocus>
				<onfocus>ClearProperty(ds_info_dt_year)</onfocus>
				<onfocus>ClearProperty(ds_info_duration)</onfocus>
				<onfocus>ClearProperty(ds_info_rating)</onfocus>
				<onfocus>ClearProperty(ds_info_agerating)</onfocus>
				<onfocus>ClearProperty(ds_info_studio)</onfocus>
				<onfocus>ClearProperty(ds_info_genre)</onfocus>
				<onfocus>ClearProperty(ds_info_tagline)</onfocus>
				<onfocus>ClearProperty(ds_info_desc)</onfocus>
				<onfocus>ClearProperty(ds_info_weather)</onfocus>
				<onfocus>ClearProperty(ds_info_fanart_art)</onfocus>
				<onfocus>ClearProperty(ds_info_fanart_prop)</onfocus>
				<onfocus>ClearProperty(ds_info_clearlogo)</onfocus>
				<onfocus>ClearProperty(ds_info_imdb_id)</onfocus>
				<onfocus>ClearProperty(ds_info_dbtype)</onfocus>
				<texturefocus colordiffuse="selected">dstv/test_small.png</texturefocus>
				<texturenofocus colordiffuse="disabled">dstv/test_small.png</texturenofocus>
				</control>
			</control>
		<control type="grouplist" id="50000">
			<include>Visible_Right</include>
			<visible>String.IsEqual(Container(9000).ListItem.Property(submenuVisibility),streammy)</visible>
			<left>0</left>
			<top>54%</top>
			<width>100%</width>
			<height>440</height>
			<scrolltime tween="linear" easing="in">250</scrolltime>
			<orientation>vertical</orientation>
			<wrap>true</wrap>
			<wraparound>true</wraparound>
			<itemgap>-40</itemgap>
			<usecontrolcoords>true</usecontrolcoords>
			<include content="ds_widgetPanelList">
				<param name="list_id" value="50401" />
				<param name="widget_header" value="Netflix" />
				<param name="content_path" value="plugin://plugin.video.pov/?name=32449&amp;iconImage=trending.png&amp;mode=build_movie_list&amp;action=trakt_movies_trending_recent&amp;reload=$INFO[Window(Home).Property(widgetreload-movies)]" />
				<param name="sortby" value="" />
				<param name="sortorder" value="" />
				<param name="limit" value="" />
				<param name="widget_target" value="videos" />
				<param name="width" value="212" />
				<param name="height" value="322" />
				<param name="widget_width" value="225" />
				<param name="widget_height" value="430" />
				<param name="aspect_ratio" value="stretch" />
				<param name="display_titles" value="false" />
				<param name="display_type" value="posters" />
				<param name="display_type_isposters" value="true" />
				<param name="display_type_issquares" value="false" />
				<param name="display_type_islandscape" value="false" />
				<param name="pvr_tv_rec_status" value="false" />
				<param name="w_cond" value="false" />
				<param name="w_hour" value="false" />
				<param name="w_forc" value="false" />
				</include>
			<include content="ds_widgetPanelList">
				<param name="list_id" value="50402" />
				<param name="widget_header" value="Amazon Prime" />
				<param name="content_path" value="" />
				<param name="sortby" value="" />
				<param name="sortorder" value="" />
				<param name="limit" value="" />
				<param name="widget_target" value="" />
				<param name="width" value="212" />
				<param name="height" value="322" />
				<param name="widget_width" value="225" />
				<param name="widget_height" value="430" />
				<param name="aspect_ratio" value="stretch" />
				<param name="display_titles" value="false" />
				<param name="display_type" value="posters" />
				<param name="display_type_isposters" value="true" />
				<param name="display_type_issquares" value="false" />
				<param name="display_type_islandscape" value="false" />
				<param name="pvr_tv_rec_status" value="false" />
				<param name="w_cond" value="false" />
				<param name="w_hour" value="false" />
				<param name="w_forc" value="false" />
				</include>
			<include content="ds_widgetPanelList">
				<param name="list_id" value="50403" />
				<param name="widget_header" value="Disney+" />
				<param name="content_path" value="" />
				<param name="sortby" value="" />
				<param name="sortorder" value="" />
				<param name="limit" value="" />
				<param name="widget_target" value="" />
				<param name="width" value="212" />
				<param name="height" value="322" />
				<param name="widget_width" value="225" />
				<param name="widget_height" value="430" />
				<param name="aspect_ratio" value="stretch" />
				<param name="display_titles" value="false" />
				<param name="display_type" value="posters" />
				<param name="display_type_isposters" value="true" />
				<param name="display_type_issquares" value="false" />
				<param name="display_type_islandscape" value="false" />
				<param name="pvr_tv_rec_status" value="false" />
				<param name="w_cond" value="false" />
				<param name="w_hour" value="false" />
				<param name="w_forc" value="false" />
				</include>
			<include content="ds_widgetPanelList">
				<param name="list_id" value="50404" />
				<param name="widget_header" value="Apple TV+" />
				<param name="content_path" value="" />
				<param name="sortby" value="" />
				<param name="sortorder" value="" />
				<param name="limit" value="" />
				<param name="widget_target" value="" />
				<param name="width" value="212" />
				<param name="height" value="322" />
				<param name="widget_width" value="225" />
				<param name="widget_height" value="430" />
				<param name="aspect_ratio" value="stretch" />
				<param name="display_titles" value="false" />
				<param name="display_type" value="posters" />
				<param name="display_type_isposters" value="true" />
				<param name="display_type_issquares" value="false" />
				<param name="display_type_islandscape" value="false" />
				<param name="pvr_tv_rec_status" value="false" />
				<param name="w_cond" value="false" />
				<param name="w_hour" value="false" />
				<param name="w_forc" value="false" />
				</include>
			<control type="button" id="59999">
				<visible>Integer.IsLess(Container(50000).NumItems,2)</visible>
				<animation effect="fade" start="100" end="0" time="250" tween="sine" reversible="true" condition="!Control.HasFocus(59999)">Conditional</animation>
				<left>500</left>
				<right>400</right>
				<height>150</height>
				<align>center</align>
				<aligny>center</aligny>
				<label>This menu item has no widgets or the widgets have no content.[CR]Press OK to edit your Main Menu widgets.[CR](Or hold BACK and select Skin Settings from the popup menu)</label>
				<wrapmultiline>true</wrapmultiline>
				<onup>50000</onup>
				<ondown>50000</ondown>
				<onleft>9000</onleft>
				<onright>9000</onright>
				<onback>9000</onback>
				<onclick>ActivateWindowAndFocus(skinsettings,9000,1,8201,0)</onclick>
				<onfocus>SetProperty(ds_mainmenu_hidden,true,home)</onfocus>
				<onfocus>ClearProperty(ds_info_title)</onfocus>
				<onfocus>ClearProperty(ds_info_dt_premier)</onfocus>
				<onfocus>ClearProperty(ds_info_dt_date)</onfocus>
				<onfocus>ClearProperty(ds_info_dt_year)</onfocus>
				<onfocus>ClearProperty(ds_info_duration)</onfocus>
				<onfocus>ClearProperty(ds_info_rating)</onfocus>
				<onfocus>ClearProperty(ds_info_agerating)</onfocus>
				<onfocus>ClearProperty(ds_info_studio)</onfocus>
				<onfocus>ClearProperty(ds_info_genre)</onfocus>
				<onfocus>ClearProperty(ds_info_tagline)</onfocus>
				<onfocus>ClearProperty(ds_info_desc)</onfocus>
				<onfocus>ClearProperty(ds_info_weather)</onfocus>
				<onfocus>ClearProperty(ds_info_fanart_art)</onfocus>
				<onfocus>ClearProperty(ds_info_fanart_prop)</onfocus>
				<onfocus>ClearProperty(ds_info_clearlogo)</onfocus>
				<onfocus>ClearProperty(ds_info_imdb_id)</onfocus>
				<onfocus>ClearProperty(ds_info_dbtype)</onfocus>
				<texturefocus colordiffuse="selected">dstv/test_small.png</texturefocus>
				<texturenofocus colordiffuse="disabled">dstv/test_small.png</texturenofocus>
				</control>
			</control>
		</include>
	</includes>
