<includes>
	<include name="skinshortcuts-mainmenu">
		<item id="1">
			<property name="id">$NUMBER[1]</property>
			<label>Filmes</label>
			<label2>Custom item</label2>
			<icon>DefaultShortcut.png</icon>
			<thumb>special://skin/extras/icons/widg icons/home.png</thumb>
			<property name="labelID">filmes</property>
			<onclick>noop</onclick>
			<visible>String.IsEqual(System.ProfileName,Mestre Yoda)</visible>
			<property name="submenuVisibility">filmes</property>
			<property name="myCustomProperty">foo</property>
			<property name="hasSubmenu">True</property>
			</item>
		<item id="2">
			<property name="id">$NUMBER[2]</property>
			<label>Séries</label>
			<label2>Custom item</label2>
			<icon>DefaultShortcut.png</icon>
			<thumb>special://skin/extras/icons/widg icons/tv2.png</thumb>
			<property name="labelID">series</property>
			<onclick>noop</onclick>
			<visible>String.IsEqual(System.ProfileName,Mestre Yoda)</visible>
			<property name="submenuVisibility">series</property>
			<property name="myCustomProperty">foo</property>
			<property name="hasSubmenu">True</property>
			</item>
		<item id="3">
			<property name="id">$NUMBER[3]</property>
			<label>Gêneros</label>
			<label2>Custom item</label2>
			<icon>DefaultShortcut.png</icon>
			<thumb>special://skin/extras/icons/widg icons/categories.png</thumb>
			<property name="labelID">generos</property>
			<onclick>noop</onclick>
			<visible>String.IsEqual(System.ProfileName,Mestre Yoda)</visible>
			<property name="submenuVisibility">generos</property>
			<property name="myCustomProperty">foo</property>
			<property name="hasSubmenu">True</property>
			</item>
		<item id="4">
			<property name="id">$NUMBER[4]</property>
			<label>Streammy</label>
			<label2>Custom item</label2>
			<icon>DefaultShortcut.png</icon>
			<thumb>special://skin/extras/icons/widg icons/clapperboard.png</thumb>
			<property name="labelID">streammy</property>
			<onclick>noop</onclick>
			<visible>String.IsEqual(System.ProfileName,Mestre Yoda)</visible>
			<property name="submenuVisibility">streammy</property>
			<property name="myCustomProperty">foo</property>
			<property name="hasSubmenu">True</property>
			</item>
		</include>
	<include />
	<include name="skinshortcuts-submenu">
		<item id="1">
			<property name="id">$NUMBER[1]</property>
			<property name="mainmenuid">1</property>
			<label>Assistindo</label>
			<label2>Custom item</label2>
			<icon>DefaultShortcut.png</icon>
			<thumb />
			<property name="labelID">assistindo</property>
			<property name="widget">Addon</property>
			<property name="widgetName">TMDb Helper - Sua Lista de Em Andamento - Classificar por: Padrão</property>
			<property name="widgetType">mixed</property>
			<property name="widgetTarget">videos</property>
			<property name="widgetPath">plugin://plugin.video.themoviedb.helper/?info=trakt_inprogress&amp;tmdb_type=movie&amp;list_name=Sua+Lista+de+Em+Andamento&amp;tmdb_id=None&amp;reload=%24INFO%5BWindow%28Home%29.Property%28TMDbHelper.Widgets.Reload%29%5D&amp;widget=true</property>
			<property name="displayType">posters</property>
			<property name="widgetPath">plugin://plugin.video.themoviedb.helper/?info=trakt_inprogress&amp;tmdb_type=movie&amp;list_name=Sua+Lista+de+Em+Andamento&amp;tmdb_id=None&amp;reload=%24INFO%5BWindow%28Home%29.Property%28TMDbHelper.Widgets.Reload%29%5D&amp;widget=true</property>
			<property name="icon">DefaultShortcut.png</property>
			<onclick>noop</onclick>
			<visible>[String.IsEqual(System.ProfileName,Mestre Yoda)] + String.IsEqual(Container(9000).ListItem.Property(submenuVisibility),filmes)</visible>
			<property name="isSubmenu">True</property>
			</item>
		<item id="2">
			<property name="id">$NUMBER[2]</property>
			<property name="mainmenuid">1</property>
			<label>Para Assistir</label>
			<label2>Custom item</label2>
			<icon>DefaultShortcut.png</icon>
			<thumb />
			<property name="labelID">paraassistir</property>
			<property name="widget">Addon</property>
			<property name="widgetName">POV - [B]COLLECTION: [/B]Movies</property>
			<property name="widgetType">movies</property>
			<property name="widgetTarget">videos</property>
			<property name="widgetPath">plugin://plugin.video.pov/?mode=build_movie_list&amp;action=trakt_collection&amp;name=Movies&amp;iconImage=special%3A%2F%2Fhome%2Faddons%2Fplugin.video.pov%2Fresources%2Fskins%2FDefault%2Fmedia%2Ftrakt.png&amp;reload=$INFO[Window(Home).Property(widgetreload-movies)]</property>
			<property name="widgetPath">plugin://plugin.video.pov/?mode=build_movie_list&amp;action=trakt_collection&amp;name=Movies&amp;iconImage=special%3A%2F%2Fhome%2Faddons%2Fplugin.video.pov%2Fresources%2Fskins%2FDefault%2Fmedia%2Ftrakt.png&amp;reload=$INFO[Window(Home).Property(widgetreload-movies)]</property>
			<property name="icon">DefaultShortcut.png</property>
			<onclick>noop</onclick>
			<visible>[String.IsEqual(System.ProfileName,Mestre Yoda)] + String.IsEqual(Container(9000).ListItem.Property(submenuVisibility),filmes)</visible>
			<property name="isSubmenu">True</property>
			</item>
		<item id="3">
			<property name="id">$NUMBER[3]</property>
			<property name="mainmenuid">1</property>
			<label>Popular</label>
			<label2>Custom item</label2>
			<icon>DefaultShortcut.png</icon>
			<thumb />
			<property name="labelID">popular</property>
			<property name="widgetPath">plugin://plugin.video.pov/?mode=build_mdb_list&amp;user=mestreyodarossi&amp;slug=popular&amp;list_id=112762&amp;list_type=user_lists&amp;name=Popular&amp;reload=$INFO[Window(Home).Property(widgetreload)]$INFO[Window(Home).Property(widgetreload2)]</property>
			<property name="widgetLimit">$NUMBER[25]</property>
			<onclick>noop</onclick>
			<visible>[String.IsEqual(System.ProfileName,Mestre Yoda)] + String.IsEqual(Container(9000).ListItem.Property(submenuVisibility),filmes)</visible>
			<property name="isSubmenu">True</property>
			</item>
		<item id="4">
			<property name="id">$NUMBER[4]</property>
			<property name="mainmenuid">1</property>
			<label>Em Alta</label>
			<label2>Custom item</label2>
			<icon>DefaultShortcut.png</icon>
			<thumb />
			<property name="labelID">emalta</property>
			<property name="widget">Addon</property>
			<property name="widgetName">POV - [COLOR magenta][I]Trending movies (x65)[/I][/COLOR]</property>
			<property name="widgetType">movies</property>
			<property name="widgetTarget">videos</property>
			<property name="widgetPath">plugin://plugin.video.pov/?mode=build_mdb_list&amp;user=mestreyodarossi&amp;slug=trending-movies&amp;list_id=100314&amp;list_type=user_lists&amp;name=Trending+movies&amp;reload=$INFO[Window(Home).Property(widgetreload-movies)]</property>
			<property name="widgetPath">plugin://plugin.video.pov/?mode=build_mdb_list&amp;user=mestreyodarossi&amp;slug=trending-movies&amp;list_id=100314&amp;list_type=user_lists&amp;name=Trending+movies&amp;reload=$INFO[Window(Home).Property(widgetreload-movies)]</property>
			<property name="widgetLimit">$NUMBER[25]</property>
			<property name="icon">DefaultShortcut.png</property>
			<onclick>noop</onclick>
			<visible>[String.IsEqual(System.ProfileName,Mestre Yoda)] + String.IsEqual(Container(9000).ListItem.Property(submenuVisibility),filmes)</visible>
			<property name="isSubmenu">True</property>
			</item>
		<item id="5">
			<property name="id">$NUMBER[10]</property>
			<property name="mainmenuid">1</property>
			<label>Lançamentos</label>
			<label2>Custom item</label2>
			<icon>DefaultShortcut.png</icon>
			<thumb />
			<property name="labelID">lancamentos</property>
			<property name="widgetPath">plugin://plugin.video.pov/?mode=build_mdb_list&amp;user=mestreyodarossi&amp;slug=lastest-movie-releases&amp;list_id=101251&amp;list_type=user_lists&amp;name=Lastest+movie+releases&amp;reload=$INFO[Window(Home).Property(widgetreload-movies)]</property>
			<property name="widgetLimit">$NUMBER[25]</property>
			<property name="icon">DefaultShortcut.png</property>
			<onclick>noop</onclick>
			<visible>[String.IsEqual(System.ProfileName,Mestre Yoda)] + String.IsEqual(Container(9000).ListItem.Property(submenuVisibility),filmes)</visible>
			<property name="isSubmenu">True</property>
			</item>
		<item id="6">
			<property name="id">$NUMBER[6]</property>
			<property name="mainmenuid">1</property>
			<label>Zombies</label>
			<label2>Custom item</label2>
			<icon>DefaultShortcut.png</icon>
			<thumb />
			<property name="labelID">zombies</property>
			<property name="widgetPath">plugin://plugin.video.pov/?mode=build_mdb_list&amp;user=mestreyodarossi&amp;slug=zumbiesssssss&amp;list_id=105566&amp;list_type=user_lists&amp;name=Zumbiesssssss&amp;reload=$INFO[Window(Home).Property(widgetreload)]$INFO[Window(Home).Property(widgetreload2)]</property>
			<onclick>noop</onclick>
			<visible>[String.IsEqual(System.ProfileName,Mestre Yoda)] + String.IsEqual(Container(9000).ListItem.Property(submenuVisibility),filmes)</visible>
			<property name="isSubmenu">True</property>
			</item>
		<item id="7">
			<property name="id">$NUMBER[7]</property>
			<property name="mainmenuid">1</property>
			<label>Can't go Wrong</label>
			<label2>Custom item</label2>
			<icon>DefaultShortcut.png</icon>
			<thumb />
			<property name="labelID">cantgowrong</property>
			<property name="widgetPath">plugin://plugin.video.pov/?mode=build_mdb_list&amp;user=mestreyodarossi&amp;slug=cant-go-wrong-movies&amp;list_id=101652&amp;list_type=user_lists&amp;name=Can%27t+go+wrong+movies&amp;reload=$INFO[Window(Home).Property(widgetreload-movies)]</property>
			<onclick>noop</onclick>
			<visible>[String.IsEqual(System.ProfileName,Mestre Yoda)] + String.IsEqual(Container(9000).ListItem.Property(submenuVisibility),filmes)</visible>
			<property name="isSubmenu">True</property>
			</item>
		<item id="8">
			<property name="id">$NUMBER[8]</property>
			<property name="mainmenuid">1</property>
			<label>Combina com Você</label>
			<label2>Custom item</label2>
			<icon>DefaultShortcut.png</icon>
			<thumb />
			<property name="labelID">combinacomvoce</property>
			<property name="widgetPath">plugin://plugin.video.pov/?mode=build_mdb_list&amp;user=mestreyodarossi&amp;slug=combina-com-voce&amp;list_id=104379&amp;list_type=user_lists&amp;name=Combina+com+Voc%C3%AA&amp;reload=$INFO[Window(Home).Property(widgetreload)]$INFO[Window(Home).Property(widgetreload2)]</property>
			<onclick>noop</onclick>
			<visible>[String.IsEqual(System.ProfileName,Mestre Yoda)] + String.IsEqual(Container(9000).ListItem.Property(submenuVisibility),filmes)</visible>
			<property name="isSubmenu">True</property>
			</item>
		<item id="9">
			<property name="id">$NUMBER[9]</property>
			<property name="mainmenuid">1</property>
			<label>Assistidos Recentemente</label>
			<label2>Custom item</label2>
			<icon>DefaultShortcut.png</icon>
			<thumb />
			<property name="labelID">assistidosrecentemente</property>
			<property name="widgetPath">plugin://plugin.video.themoviedb.helper/?info=trakt_history&amp;tmdb_type=movie&amp;reload=%24INFO%5BWindow%28Home%29.Property%28TMDbHelper.Widgets.Reload%29%5D&amp;widget=true</property>
			<property name="widgetLimit">$NUMBER[15]</property>
			<onclick>noop</onclick>
			<visible>[String.IsEqual(System.ProfileName,Mestre Yoda)] + String.IsEqual(Container(9000).ListItem.Property(submenuVisibility),filmes)</visible>
			<property name="isSubmenu">True</property>
			</item>
		<item id="1">
			<property name="id">$NUMBER[1]</property>
			<property name="mainmenuid">2</property>
			<label>Assistindo</label>
			<label2>Custom item</label2>
			<icon>DefaultShortcut.png</icon>
			<thumb />
			<property name="labelID">assistindo</property>
			<property name="widgetPath">plugin://plugin.video.themoviedb.helper/?info=trakt_ondeck&amp;tmdb_type=tv&amp;reload=%24INFO%5BWindow%28Home%29.Property%28TMDbHelper.Widgets.Reload%29%5D&amp;widget=true</property>
			<property name="displayTitles">true</property>
			<onclick>noop</onclick>
			<visible>[String.IsEqual(System.ProfileName,Mestre Yoda)] + String.IsEqual(Container(9000).ListItem.Property(submenuVisibility),series)</visible>
			<property name="isSubmenu">True</property>
			</item>
		<item id="2">
			<property name="id">$NUMBER[2]</property>
			<property name="mainmenuid">2</property>
			<label>Próximos Episódios</label>
			<label2>Custom item</label2>
			<icon>DefaultShortcut.png</icon>
			<thumb />
			<property name="labelID">proximosepisodios</property>
			<property name="widgetPath">plugin://plugin.video.pov/?name=32483&amp;iconImage=next_episodes.png&amp;mode=build_next_episode&amp;reload=$INFO[Window(Home).Property(widgetreload-episodes)]</property>
			<property name="displayTitles">true</property>
			<onclick>noop</onclick>
			<visible>[String.IsEqual(System.ProfileName,Mestre Yoda)] + String.IsEqual(Container(9000).ListItem.Property(submenuVisibility),series)</visible>
			<property name="isSubmenu">True</property>
			</item>
		<item id="3">
			<property name="id">$NUMBER[3]</property>
			<property name="mainmenuid">2</property>
			<label>Para Assistir</label>
			<label2>Custom item</label2>
			<icon>DefaultShortcut.png</icon>
			<thumb />
			<property name="labelID">paraassistir</property>
			<property name="widgetPath">plugin://plugin.video.pov/?mode=build_tvshow_list&amp;action=trakt_collection&amp;name=TV+Shows&amp;iconImage=special%3A%2F%2Fhome%2Faddons%2Fplugin.video.pov%2Fresources%2Fskins%2FDefault%2Fmedia%2Ftrakt.png&amp;reload=$INFO[Window(Home).Property(widgetreload-episodes)]</property>
			<onclick>noop</onclick>
			<visible>[String.IsEqual(System.ProfileName,Mestre Yoda)] + String.IsEqual(Container(9000).ListItem.Property(submenuVisibility),series)</visible>
			<property name="isSubmenu">True</property>
			</item>
		<item id="4">
			<property name="id">$NUMBER[4]</property>
			<property name="mainmenuid">2</property>
			<label>Em Alta</label>
			<label2>Custom item</label2>
			<icon>DefaultShortcut.png</icon>
			<thumb />
			<property name="labelID">emalta</property>
			<property name="widgetPath">plugin://plugin.video.pov/?name=32458&amp;iconImage=trending.png&amp;mode=build_tvshow_list&amp;action=trakt_tv_trending&amp;reload=$INFO[Window(Home).Property(widgetreload-episodes)]</property>
			<property name="widgetLimit">$NUMBER[25]</property>
			<onclick>noop</onclick>
			<visible>[String.IsEqual(System.ProfileName,Mestre Yoda)] + String.IsEqual(Container(9000).ListItem.Property(submenuVisibility),series)</visible>
			<property name="isSubmenu">True</property>
			</item>
		<item id="5">
			<property name="id">$NUMBER[10]</property>
			<property name="mainmenuid">2</property>
			<label>As Melhores</label>
			<label2>Custom item</label2>
			<icon>DefaultShortcut.png</icon>
			<thumb />
			<property name="labelID">asmelhores</property>
			<property name="widgetPath">plugin://plugin.video.pov/?mode=build_mdb_list&amp;user=mestreyodarossi&amp;slug=series-cant-go-wrong&amp;list_id=101250&amp;list_type=user_lists&amp;name=Series+can%27t+go+wrong&amp;reload=$INFO[Window(Home).Property(widgetreload)]$INFO[Window(Home).Property(widgetreload2)]</property>
			<onclick>noop</onclick>
			<visible>[String.IsEqual(System.ProfileName,Mestre Yoda)] + String.IsEqual(Container(9000).ListItem.Property(submenuVisibility),series)</visible>
			<property name="isSubmenu">True</property>
			</item>
		<item id="6">
			<property name="id">$NUMBER[6]</property>
			<property name="mainmenuid">2</property>
			<label>Netflix</label>
			<label2>Custom item</label2>
			<icon>DefaultShortcut.png</icon>
			<thumb />
			<property name="labelID">netflix</property>
			<property name="widgetPath">plugin://plugin.video.pov/?mode=build_mdb_list&amp;user=mestreyodarossi&amp;slug=netflix-series&amp;list_id=99489&amp;list_type=user_lists&amp;name=Netflix+Series&amp;reload=$INFO[Window(Home).Property(widgetreload)]$INFO[Window(Home).Property(widgetreload2)]</property>
			<property name="widgetLimit">$NUMBER[15]</property>
			<onclick>noop</onclick>
			<visible>[String.IsEqual(System.ProfileName,Mestre Yoda)] + String.IsEqual(Container(9000).ListItem.Property(submenuVisibility),series)</visible>
			<property name="isSubmenu">True</property>
			</item>
		<item id="7">
			<property name="id">$NUMBER[7]</property>
			<property name="mainmenuid">2</property>
			<label>Amazon Prime</label>
			<label2>Custom item</label2>
			<icon>DefaultShortcut.png</icon>
			<thumb />
			<property name="labelID">amazonprime</property>
			<property name="widgetPath">plugin://plugin.video.pov/?mode=build_mdb_list&amp;user=mestreyodarossi&amp;slug=amazon-prime&amp;list_id=99490&amp;list_type=user_lists&amp;name=Amazon+Prime&amp;reload=$INFO[Window(Home).Property(widgetreload)]$INFO[Window(Home).Property(widgetreload2)]</property>
			<property name="widgetLimit">$NUMBER[15]</property>
			<onclick>noop</onclick>
			<visible>[String.IsEqual(System.ProfileName,Mestre Yoda)] + String.IsEqual(Container(9000).ListItem.Property(submenuVisibility),series)</visible>
			<property name="isSubmenu">True</property>
			</item>
		<item id="8">
			<property name="id">$NUMBER[8]</property>
			<property name="mainmenuid">2</property>
			<label>Assistidos Recentemente</label>
			<label2>Custom item</label2>
			<icon>DefaultShortcut.png</icon>
			<thumb />
			<property name="labelID">assistidosrecentemente</property>
			<property name="widgetPath">plugin://plugin.video.pov/?name=32475&amp;iconImage=watched.png&amp;mode=build_tvshow_list&amp;action=watched_tvshows&amp;reload=$INFO[Window(Home).Property(widgetreload-episodes)]</property>
			<property name="widgetLimit">$NUMBER[10]</property>
			<onclick>noop</onclick>
			<visible>[String.IsEqual(System.ProfileName,Mestre Yoda)] + String.IsEqual(Container(9000).ListItem.Property(submenuVisibility),series)</visible>
			<property name="isSubmenu">True</property>
			</item>
		<item id="1">
			<property name="id">$NUMBER[1]</property>
			<property name="mainmenuid">3</property>
			<label>Ação e Aventura</label>
			<label2>Custom item</label2>
			<icon>DefaultShortcut.png</icon>
			<thumb />
			<property name="labelID">acaoeaventura</property>
			<property name="widgetPath">plugin://plugin.video.pov/?mode=build_mdb_list&amp;user=mestreyodarossi&amp;slug=acao-e-aventura&amp;list_id=99442&amp;list_type=user_lists&amp;name=A%C3%A7%C3%A3o+e+Aventura&amp;reload=$INFO[Window(Home).Property(widgetreload)]$INFO[Window(Home).Property(widgetreload2)]</property>
			<property name="widgetLimit">$NUMBER[50]</property>
			<onclick>noop</onclick>
			<visible>[String.IsEqual(System.ProfileName,Mestre Yoda)] + String.IsEqual(Container(9000).ListItem.Property(submenuVisibility),generos)</visible>
			<property name="isSubmenu">True</property>
			</item>
		<item id="2">
			<property name="id">$NUMBER[2]</property>
			<property name="mainmenuid">3</property>
			<label>Animação</label>
			<label2>Custom item</label2>
			<icon>DefaultShortcut.png</icon>
			<thumb />
			<property name="labelID">animacao</property>
			<property name="widgetPath">plugin://plugin.video.pov/?mode=build_mdb_list&amp;user=mestreyodarossi&amp;slug=animacao&amp;list_id=100436&amp;list_type=user_lists&amp;name=Anima%C3%A7%C3%A3o&amp;reload=$INFO[Window(Home).Property(widgetreload)]$INFO[Window(Home).Property(widgetreload2)]</property>
			<property name="widgetLimit">$NUMBER[25]</property>
			<onclick>noop</onclick>
			<visible>[String.IsEqual(System.ProfileName,Mestre Yoda)] + String.IsEqual(Container(9000).ListItem.Property(submenuVisibility),generos)</visible>
			<property name="isSubmenu">True</property>
			</item>
		<item id="3">
			<property name="id">$NUMBER[3]</property>
			<property name="mainmenuid">3</property>
			<label>Best Ever - IMDB</label>
			<label2>Custom item</label2>
			<icon>DefaultShortcut.png</icon>
			<thumb />
			<property name="labelID">bestever-imdb</property>
			<property name="widgetPath">plugin://plugin.video.pov/?mode=build_mdb_list&amp;user=mestreyodarossi&amp;slug=best-ever&amp;list_id=92577&amp;list_type=user_lists&amp;name=Best+ever&amp;reload=$INFO[Window(Home).Property(widgetreload)]$INFO[Window(Home).Property(widgetreload2)]</property>
			<onclick>noop</onclick>
			<visible>[String.IsEqual(System.ProfileName,Mestre Yoda)] + String.IsEqual(Container(9000).ListItem.Property(submenuVisibility),generos)</visible>
			<property name="isSubmenu">True</property>
			</item>
		<item id="4">
			<property name="id">$NUMBER[4]</property>
			<property name="mainmenuid">3</property>
			<label>Fantasia</label>
			<label2>Custom item</label2>
			<icon>DefaultShortcut.png</icon>
			<thumb />
			<property name="labelID">fantasia</property>
			<property name="widgetPath">plugin://plugin.video.pov/?mode=build_mdb_list&amp;user=mestreyodarossi&amp;slug=fantasia&amp;list_id=100439&amp;list_type=user_lists&amp;name=Fantasia&amp;reload=$INFO[Window(Home).Property(widgetreload)]$INFO[Window(Home).Property(widgetreload2)]</property>
			<property name="widgetLimit">$NUMBER[50]</property>
			<onclick>noop</onclick>
			<visible>[String.IsEqual(System.ProfileName,Mestre Yoda)] + String.IsEqual(Container(9000).ListItem.Property(submenuVisibility),generos)</visible>
			<property name="isSubmenu">True</property>
			</item>
		<item id="5">
			<property name="id">$NUMBER[10]</property>
			<property name="mainmenuid">3</property>
			<label>Ficção Científica</label>
			<label2>Custom item</label2>
			<icon>DefaultShortcut.png</icon>
			<thumb />
			<property name="labelID">ficcaocientifica</property>
			<property name="widgetPath">plugin://plugin.video.pov/?mode=build_mdb_list&amp;user=mestreyodarossi&amp;slug=sci-fi&amp;list_id=99440&amp;list_type=user_lists&amp;name=Sci-Fi&amp;reload=$INFO[Window(Home).Property(widgetreload)]$INFO[Window(Home).Property(widgetreload2)]</property>
			<onclick>noop</onclick>
			<visible>[String.IsEqual(System.ProfileName,Mestre Yoda)] + String.IsEqual(Container(9000).ListItem.Property(submenuVisibility),generos)</visible>
			<property name="isSubmenu">True</property>
			</item>
		<item id="6">
			<property name="id">$NUMBER[6]</property>
			<property name="mainmenuid">3</property>
			<label>Guerra</label>
			<label2>Custom item</label2>
			<icon>DefaultShortcut.png</icon>
			<thumb />
			<property name="labelID">guerra</property>
			<property name="widgetPath">plugin://plugin.video.pov/?mode=build_mdb_list&amp;user=mestreyodarossi&amp;slug=war-movies&amp;list_id=104716&amp;list_type=user_lists&amp;name=War+movies&amp;reload=$INFO[Window(Home).Property(widgetreload-movies)]</property>
			<property name="widgetLimit">$NUMBER[50]</property>
			<onclick>noop</onclick>
			<visible>[String.IsEqual(System.ProfileName,Mestre Yoda)] + String.IsEqual(Container(9000).ListItem.Property(submenuVisibility),generos)</visible>
			<property name="isSubmenu">True</property>
			</item>
		<item id="7">
			<property name="id">$NUMBER[7]</property>
			<property name="mainmenuid">3</property>
			<label>Horror</label>
			<label2>Custom item</label2>
			<icon>DefaultShortcut.png</icon>
			<thumb />
			<property name="labelID">horror</property>
			<property name="widgetPath">plugin://plugin.video.pov/?mode=build_mdb_list&amp;user=mestreyodarossi&amp;slug=horror&amp;list_id=92573&amp;list_type=user_lists&amp;name=Horror&amp;reload=$INFO[Window(Home).Property(widgetreload)]$INFO[Window(Home).Property(widgetreload2)]</property>
			<onclick>noop</onclick>
			<visible>[String.IsEqual(System.ProfileName,Mestre Yoda)] + String.IsEqual(Container(9000).ListItem.Property(submenuVisibility),generos)</visible>
			<property name="isSubmenu">True</property>
			</item>
		<item id="8">
			<property name="id">$NUMBER[8]</property>
			<property name="mainmenuid">3</property>
			<label>Supernatural</label>
			<label2>Custom item</label2>
			<icon>DefaultShortcut.png</icon>
			<thumb />
			<property name="labelID">supernatural</property>
			<property name="widgetPath">plugin://plugin.video.pov/?mode=build_mdb_list&amp;user=mestreyodarossi&amp;slug=supernatural&amp;list_id=120667&amp;list_type=user_lists&amp;name=Supernatural&amp;reload=$INFO[Window(Home).Property(widgetreload)]$INFO[Window(Home).Property(widgetreload2)]</property>
			<onclick>noop</onclick>
			<visible>[String.IsEqual(System.ProfileName,Mestre Yoda)] + String.IsEqual(Container(9000).ListItem.Property(submenuVisibility),generos)</visible>
			<property name="isSubmenu">True</property>
			</item>
		<item id="9">
			<property name="id">$NUMBER[9]</property>
			<property name="mainmenuid">3</property>
			<label>Super Heróis</label>
			<label2>Custom item</label2>
			<icon>DefaultShortcut.png</icon>
			<thumb />
			<property name="labelID">superherois</property>
			<property name="widgetPath">plugin://plugin.video.pov/?mode=build_mdb_list&amp;user=mestreyodarossi&amp;slug=super-herois&amp;list_id=99449&amp;list_type=user_lists&amp;name=Super+Her%C3%B3is&amp;reload=$INFO[Window(Home).Property(widgetreload)]$INFO[Window(Home).Property(widgetreload2)]</property>
			<property name="widgetLimit">$NUMBER[25]</property>
			<onclick>noop</onclick>
			<visible>[String.IsEqual(System.ProfileName,Mestre Yoda)] + String.IsEqual(Container(9000).ListItem.Property(submenuVisibility),generos)</visible>
			<property name="isSubmenu">True</property>
			</item>
		<item id="10">
			<property name="id">$NUMBER[10]</property>
			<property name="mainmenuid">3</property>
			<label>Suspense</label>
			<label2>Custom item</label2>
			<icon>DefaultShortcut.png</icon>
			<thumb />
			<property name="labelID">suspense</property>
			<property name="widgetPath">plugin://plugin.video.pov/?mode=build_mdb_list&amp;user=mestreyodarossi&amp;slug=suspense&amp;list_id=99441&amp;list_type=user_lists&amp;name=Suspense&amp;reload=$INFO[Window(Home).Property(widgetreload)]$INFO[Window(Home).Property(widgetreload2)]</property>
			<property name="widgetLimit">$NUMBER[50]</property>
			<onclick>noop</onclick>
			<visible>[String.IsEqual(System.ProfileName,Mestre Yoda)] + String.IsEqual(Container(9000).ListItem.Property(submenuVisibility),generos)</visible>
			<property name="isSubmenu">True</property>
			</item>
		<item id="11">
			<property name="id">$NUMBER[11]</property>
			<property name="mainmenuid">3</property>
			<label>Zombies and Outbreak</label>
			<label2>Custom item</label2>
			<icon>DefaultShortcut.png</icon>
			<thumb />
			<property name="labelID">zombiesandoutbreak</property>
			<property name="widgetPath">plugin://plugin.video.pov/?mode=build_mdb_list&amp;user=mestreyodarossi&amp;slug=zombies-and-outbreak&amp;list_id=94403&amp;list_type=user_lists&amp;name=Zombies+and+Outbreak&amp;reload=$INFO[Window(Home).Property(widgetreload)]$INFO[Window(Home).Property(widgetreload2)]</property>
			<onclick>noop</onclick>
			<visible>[String.IsEqual(System.ProfileName,Mestre Yoda)] + String.IsEqual(Container(9000).ListItem.Property(submenuVisibility),generos)</visible>
			<property name="isSubmenu">True</property>
			</item>
		<item id="1">
			<property name="id">$NUMBER[1]</property>
			<property name="mainmenuid">4</property>
			<label>Netflix</label>
			<label2>Custom item</label2>
			<icon>DefaultShortcut.png</icon>
			<thumb />
			<property name="labelID">netflix</property>
			<property name="widgetPath">plugin://plugin.video.pov/?mode=build_mdb_list&amp;user=mestreyodarossi&amp;slug=netflix-filmes&amp;list_id=99492&amp;list_type=user_lists&amp;name=Netflix++filmes&amp;reload=$INFO[Window(Home).Property(widgetreload)]$INFO[Window(Home).Property(widgetreload2)]</property>
			<property name="widgetLimit">$NUMBER[15]</property>
			<onclick>noop</onclick>
			<visible>[String.IsEqual(System.ProfileName,Mestre Yoda)] + String.IsEqual(Container(9000).ListItem.Property(submenuVisibility),streammy)</visible>
			<property name="isSubmenu">True</property>
			</item>
		<item id="2">
			<property name="id">$NUMBER[2]</property>
			<property name="mainmenuid">4</property>
			<label>Amazon Prime</label>
			<label2>Custom item</label2>
			<icon>DefaultShortcut.png</icon>
			<thumb />
			<property name="labelID">amazonprime</property>
			<property name="widgetPath">plugin://plugin.video.pov/?mode=build_mdb_list&amp;user=mestreyodarossi&amp;slug=amazon-filmes&amp;list_id=99493&amp;list_type=user_lists&amp;name=Amazon+filmes&amp;reload=$INFO[Window(Home).Property(widgetreload)]$INFO[Window(Home).Property(widgetreload2)]</property>
			<property name="widgetLimit">$NUMBER[15]</property>
			<onclick>noop</onclick>
			<visible>[String.IsEqual(System.ProfileName,Mestre Yoda)] + String.IsEqual(Container(9000).ListItem.Property(submenuVisibility),streammy)</visible>
			<property name="isSubmenu">True</property>
			</item>
		<item id="3">
			<property name="id">$NUMBER[3]</property>
			<property name="mainmenuid">4</property>
			<label>Hulu +</label>
			<label2>Custom item</label2>
			<icon>DefaultShortcut.png</icon>
			<thumb />
			<property name="labelID">hulu</property>
			<property name="widgetPath">plugin://plugin.video.pov/?mode=build_trakt_list&amp;user=garycrawfordgc&amp;slug=hulu-movies&amp;list_id=20764807&amp;list_type=liked_lists&amp;name=Hulu+Movies&amp;reload=$INFO[Window(Home).Property(widgetreload-movies)]</property>
			<property name="widgetLimit">$NUMBER[15]</property>
			<onclick>noop</onclick>
			<visible>[String.IsEqual(System.ProfileName,Mestre Yoda)] + String.IsEqual(Container(9000).ListItem.Property(submenuVisibility),streammy)</visible>
			<property name="isSubmenu">True</property>
			</item>
		<item id="4">
			<property name="id">$NUMBER[4]</property>
			<property name="mainmenuid">4</property>
			<label>Starz</label>
			<label2>Custom item</label2>
			<icon>DefaultShortcut.png</icon>
			<thumb />
			<property name="labelID">starz</property>
			<property name="widgetPath">plugin://plugin.video.pov/?mode=build_trakt_list&amp;user=smoothtk09&amp;slug=starz-movies&amp;list_id=28266418&amp;list_type=liked_lists&amp;name=Starz+Movies&amp;reload=$INFO[Window(Home).Property(widgetreload-movies)]</property>
			<property name="widgetLimit">$NUMBER[50]</property>
			<onclick>noop</onclick>
			<visible>[String.IsEqual(System.ProfileName,Mestre Yoda)] + String.IsEqual(Container(9000).ListItem.Property(submenuVisibility),streammy)</visible>
			<property name="isSubmenu">True</property>
			</item>
		</include>
	<include name="skinshortcuts-template-ss_widgets">
		<include condition="String.IsEqual(System.ProfileName,Mestre Yoda)">skinshortcuts-template-ss_widgets-Mestre Yoda</include>
		</include>
	<include name="skinshortcuts-template-ss_widgets-Mestre Yoda">
		<control type="grouplist" id="50000">
			<include>Visible_Right</include>
			<visible>String.IsEqual(Container(9000).ListItem.Property(submenuVisibility),filmes)</visible>
			<left>0</left>
			<top>54%</top>
			<width>100%</width>
			<height>440</height>
			<scrolltime tween="linear" easing="in">250</scrolltime>
			<orientation>vertical</orientation>
			<wrap>true</wrap>
			<wraparound>true</wraparound>
			<itemgap>-40</itemgap>
			<usecontrolcoords>true</usecontrolcoords>
			<include content="ds_widgetPanelList">
				<param name="list_id" value="50101" />
				<param name="widget_header" value="Assistindo" />
				<param name="content_path" value="plugin://plugin.video.themoviedb.helper/?info=trakt_inprogress&amp;tmdb_type=movie&amp;list_name=Sua+Lista+de+Em+Andamento&amp;tmdb_id=None&amp;reload=%24INFO%5BWindow%28Home%29.Property%28TMDbHelper.Widgets.Reload%29%5D&amp;widget=true" />
				<param name="sortby" value="" />
				<param name="sortorder" value="" />
				<param name="limit" value="" />
				<param name="widget_target" value="videos" />
				<param name="width" value="212" />
				<param name="height" value="322" />
				<param name="widget_width" value="225" />
				<param name="widget_height" value="430" />
				<param name="aspect_ratio" value="stretch" />
				<param name="display_titles" value="false" />
				<param name="display_type" value="posters" />
				<param name="display_type_isposters" value="true" />
				<param name="display_type_issquares" value="false" />
				<param name="display_type_islandscape" value="false" />
				<param name="pvr_tv_rec_status" value="false" />
				<param name="w_cond" value="false" />
				<param name="w_hour" value="false" />
				<param name="w_forc" value="false" />
				</include>
			<include content="ds_widgetPanelList">
				<param name="list_id" value="50102" />
				<param name="widget_header" value="Para Assistir" />
				<param name="content_path" value="plugin://plugin.video.pov/?mode=build_movie_list&amp;action=trakt_collection&amp;name=Movies&amp;iconImage=special%3A%2F%2Fhome%2Faddons%2Fplugin.video.pov%2Fresources%2Fskins%2FDefault%2Fmedia%2Ftrakt.png&amp;reload=$INFO[Window(Home).Property(widgetreload-movies)]" />
				<param name="sortby" value="" />
				<param name="sortorder" value="" />
				<param name="limit" value="" />
				<param name="widget_target" value="videos" />
				<param name="width" value="212" />
				<param name="height" value="322" />
				<param name="widget_width" value="225" />
				<param name="widget_height" value="430" />
				<param name="aspect_ratio" value="stretch" />
				<param name="display_titles" value="false" />
				<param name="display_type" value="posters" />
				<param name="display_type_isposters" value="true" />
				<param name="display_type_issquares" value="false" />
				<param name="display_type_islandscape" value="false" />
				<param name="pvr_tv_rec_status" value="false" />
				<param name="w_cond" value="false" />
				<param name="w_hour" value="false" />
				<param name="w_forc" value="false" />
				</include>
			<include content="ds_widgetPanelList">
				<param name="list_id" value="50103" />
				<param name="widget_header" value="Popular" />
				<param name="content_path" value="plugin://plugin.video.pov/?mode=build_mdb_list&amp;user=mestreyodarossi&amp;slug=popular&amp;list_id=112762&amp;list_type=user_lists&amp;name=Popular&amp;reload=$INFO[Window(Home).Property(widgetreload)]$INFO[Window(Home).Property(widgetreload2)]" />
				<param name="sortby" value="" />
				<param name="sortorder" value="" />
				<param name="limit" value="$NUMBER[25]" />
				<param name="widget_target" value="videos" />
				<param name="width" value="212" />
				<param name="height" value="322" />
				<param name="widget_width" value="225" />
				<param name="widget_height" value="430" />
				<param name="aspect_ratio" value="stretch" />
				<param name="display_titles" value="false" />
				<param name="display_type" value="posters" />
				<param name="display_type_isposters" value="true" />
				<param name="display_type_issquares" value="false" />
				<param name="display_type_islandscape" value="false" />
				<param name="pvr_tv_rec_status" value="false" />
				<param name="w_cond" value="false" />
				<param name="w_hour" value="false" />
				<param name="w_forc" value="false" />
				</include>
			<include content="ds_widgetPanelList">
				<param name="list_id" value="50104" />
				<param name="widget_header" value="Em Alta" />
				<param name="content_path" value="plugin://plugin.video.pov/?mode=build_mdb_list&amp;user=mestreyodarossi&amp;slug=trending-movies&amp;list_id=100314&amp;list_type=user_lists&amp;name=Trending+movies&amp;reload=$INFO[Window(Home).Property(widgetreload-movies)]" />
				<param name="sortby" value="" />
				<param name="sortorder" value="" />
				<param name="limit" value="$NUMBER[25]" />
				<param name="widget_target" value="videos" />
				<param name="width" value="212" />
				<param name="height" value="322" />
				<param name="widget_width" value="225" />
				<param name="widget_height" value="430" />
				<param name="aspect_ratio" value="stretch" />
				<param name="display_titles" value="false" />
				<param name="display_type" value="posters" />
				<param name="display_type_isposters" value="true" />
				<param name="display_type_issquares" value="false" />
				<param name="display_type_islandscape" value="false" />
				<param name="pvr_tv_rec_status" value="false" />
				<param name="w_cond" value="false" />
				<param name="w_hour" value="false" />
				<param name="w_forc" value="false" />
				</include>
			<include content="ds_widgetPanelList">
				<param name="list_id" value="50105" />
				<param name="widget_header" value="Lançamentos" />
				<param name="content_path" value="plugin://plugin.video.pov/?mode=build_mdb_list&amp;user=mestreyodarossi&amp;slug=lastest-movie-releases&amp;list_id=101251&amp;list_type=user_lists&amp;name=Lastest+movie+releases&amp;reload=$INFO[Window(Home).Property(widgetreload-movies)]" />
				<param name="sortby" value="" />
				<param name="sortorder" value="" />
				<param name="limit" value="$NUMBER[25]" />
				<param name="widget_target" value="videos" />
				<param name="width" value="212" />
				<param name="height" value="322" />
				<param name="widget_width" value="225" />
				<param name="widget_height" value="430" />
				<param name="aspect_ratio" value="stretch" />
				<param name="display_titles" value="false" />
				<param name="display_type" value="posters" />
				<param name="display_type_isposters" value="true" />
				<param name="display_type_issquares" value="false" />
				<param name="display_type_islandscape" value="false" />
				<param name="pvr_tv_rec_status" value="false" />
				<param name="w_cond" value="false" />
				<param name="w_hour" value="false" />
				<param name="w_forc" value="false" />
				</include>
			<include content="ds_widgetPanelList">
				<param name="list_id" value="50106" />
				<param name="widget_header" value="Zombies" />
				<param name="content_path" value="plugin://plugin.video.pov/?mode=build_mdb_list&amp;user=mestreyodarossi&amp;slug=zumbiesssssss&amp;list_id=105566&amp;list_type=user_lists&amp;name=Zumbiesssssss&amp;reload=$INFO[Window(Home).Property(widgetreload)]$INFO[Window(Home).Property(widgetreload2)]" />
				<param name="sortby" value="" />
				<param name="sortorder" value="" />
				<param name="limit" value="" />
				<param name="widget_target" value="videos" />
				<param name="width" value="212" />
				<param name="height" value="322" />
				<param name="widget_width" value="225" />
				<param name="widget_height" value="430" />
				<param name="aspect_ratio" value="stretch" />
				<param name="display_titles" value="false" />
				<param name="display_type" value="posters" />
				<param name="display_type_isposters" value="true" />
				<param name="display_type_issquares" value="false" />
				<param name="display_type_islandscape" value="false" />
				<param name="pvr_tv_rec_status" value="false" />
				<param name="w_cond" value="false" />
				<param name="w_hour" value="false" />
				<param name="w_forc" value="false" />
				</include>
			<include content="ds_widgetPanelList">
				<param name="list_id" value="50107" />
				<param name="widget_header" value="Can't go Wrong" />
				<param name="content_path" value="plugin://plugin.video.pov/?mode=build_mdb_list&amp;user=mestreyodarossi&amp;slug=cant-go-wrong-movies&amp;list_id=101652&amp;list_type=user_lists&amp;name=Can%27t+go+wrong+movies&amp;reload=$INFO[Window(Home).Property(widgetreload-movies)]" />
				<param name="sortby" value="" />
				<param name="sortorder" value="" />
				<param name="limit" value="" />
				<param name="widget_target" value="videos" />
				<param name="width" value="212" />
				<param name="height" value="322" />
				<param name="widget_width" value="225" />
				<param name="widget_height" value="430" />
				<param name="aspect_ratio" value="stretch" />
				<param name="display_titles" value="false" />
				<param name="display_type" value="posters" />
				<param name="display_type_isposters" value="true" />
				<param name="display_type_issquares" value="false" />
				<param name="display_type_islandscape" value="false" />
				<param name="pvr_tv_rec_status" value="false" />
				<param name="w_cond" value="false" />
				<param name="w_hour" value="false" />
				<param name="w_forc" value="false" />
				</include>
			<include content="ds_widgetPanelList">
				<param name="list_id" value="50108" />
				<param name="widget_header" value="Combina com Você" />
				<param name="content_path" value="plugin://plugin.video.pov/?mode=build_mdb_list&amp;user=mestreyodarossi&amp;slug=combina-com-voce&amp;list_id=104379&amp;list_type=user_lists&amp;name=Combina+com+Voc%C3%AA&amp;reload=$INFO[Window(Home).Property(widgetreload)]$INFO[Window(Home).Property(widgetreload2)]" />
				<param name="sortby" value="" />
				<param name="sortorder" value="" />
				<param name="limit" value="" />
				<param name="widget_target" value="videos" />
				<param name="width" value="212" />
				<param name="height" value="322" />
				<param name="widget_width" value="225" />
				<param name="widget_height" value="430" />
				<param name="aspect_ratio" value="stretch" />
				<param name="display_titles" value="false" />
				<param name="display_type" value="posters" />
				<param name="display_type_isposters" value="true" />
				<param name="display_type_issquares" value="false" />
				<param name="display_type_islandscape" value="false" />
				<param name="pvr_tv_rec_status" value="false" />
				<param name="w_cond" value="false" />
				<param name="w_hour" value="false" />
				<param name="w_forc" value="false" />
				</include>
			<include content="ds_widgetPanelList">
				<param name="list_id" value="50109" />
				<param name="widget_header" value="Assistidos Recentemente" />
				<param name="content_path" value="plugin://plugin.video.themoviedb.helper/?info=trakt_history&amp;tmdb_type=movie&amp;reload=%24INFO%5BWindow%28Home%29.Property%28TMDbHelper.Widgets.Reload%29%5D&amp;widget=true" />
				<param name="sortby" value="" />
				<param name="sortorder" value="" />
				<param name="limit" value="$NUMBER[15]" />
				<param name="widget_target" value="videos" />
				<param name="width" value="212" />
				<param name="height" value="322" />
				<param name="widget_width" value="225" />
				<param name="widget_height" value="430" />
				<param name="aspect_ratio" value="stretch" />
				<param name="display_titles" value="false" />
				<param name="display_type" value="posters" />
				<param name="display_type_isposters" value="true" />
				<param name="display_type_issquares" value="false" />
				<param name="display_type_islandscape" value="false" />
				<param name="pvr_tv_rec_status" value="false" />
				<param name="w_cond" value="false" />
				<param name="w_hour" value="false" />
				<param name="w_forc" value="false" />
				</include>
			<control type="button" id="59999">
				<visible>Integer.IsLess(Container(50000).NumItems,2)</visible>
				<animation effect="fade" start="100" end="0" time="250" tween="sine" reversible="true" condition="!Control.HasFocus(59999)">Conditional</animation>
				<left>500</left>
				<right>400</right>
				<height>150</height>
				<align>center</align>
				<aligny>center</aligny>
				<label>This menu item has no widgets or the widgets have no content.[CR]Press OK to edit your Main Menu widgets.[CR](Or hold BACK and select Skin Settings from the popup menu)</label>
				<wrapmultiline>true</wrapmultiline>
				<onup>50000</onup>
				<ondown>50000</ondown>
				<onleft>9000</onleft>
				<onright>9000</onright>
				<onback>9000</onback>
				<onclick>ActivateWindowAndFocus(skinsettings,9000,1,8201,0)</onclick>
				<onfocus>SetProperty(ds_mainmenu_hidden,true,home)</onfocus>
				<onfocus>ClearProperty(ds_info_title)</onfocus>
				<onfocus>ClearProperty(ds_info_dt_premier)</onfocus>
				<onfocus>ClearProperty(ds_info_dt_date)</onfocus>
				<onfocus>ClearProperty(ds_info_dt_year)</onfocus>
				<onfocus>ClearProperty(ds_info_duration)</onfocus>
				<onfocus>ClearProperty(ds_info_rating)</onfocus>
				<onfocus>ClearProperty(ds_info_agerating)</onfocus>
				<onfocus>ClearProperty(ds_info_studio)</onfocus>
				<onfocus>ClearProperty(ds_info_genre)</onfocus>
				<onfocus>ClearProperty(ds_info_tagline)</onfocus>
				<onfocus>ClearProperty(ds_info_desc)</onfocus>
				<onfocus>ClearProperty(ds_info_weather)</onfocus>
				<onfocus>ClearProperty(ds_info_fanart_art)</onfocus>
				<onfocus>ClearProperty(ds_info_fanart_prop)</onfocus>
				<onfocus>ClearProperty(ds_info_clearlogo)</onfocus>
				<onfocus>ClearProperty(ds_info_imdb_id)</onfocus>
				<onfocus>ClearProperty(ds_info_dbtype)</onfocus>
				<texturefocus colordiffuse="selected">dstv/test_small.png</texturefocus>
				<texturenofocus colordiffuse="disabled">dstv/test_small.png</texturenofocus>
				</control>
			</control>
		<control type="grouplist" id="50000">
			<include>Visible_Right</include>
			<visible>String.IsEqual(Container(9000).ListItem.Property(submenuVisibility),series)</visible>
			<left>0</left>
			<top>54%</top>
			<width>100%</width>
			<height>440</height>
			<scrolltime tween="linear" easing="in">250</scrolltime>
			<orientation>vertical</orientation>
			<wrap>true</wrap>
			<wraparound>true</wraparound>
			<itemgap>-40</itemgap>
			<usecontrolcoords>true</usecontrolcoords>
			<include content="ds_widgetPanelList">
				<param name="list_id" value="50201" />
				<param name="widget_header" value="Assistindo" />
				<param name="content_path" value="plugin://plugin.video.themoviedb.helper/?info=trakt_ondeck&amp;tmdb_type=tv&amp;reload=%24INFO%5BWindow%28Home%29.Property%28TMDbHelper.Widgets.Reload%29%5D&amp;widget=true" />
				<param name="sortby" value="" />
				<param name="sortorder" value="" />
				<param name="limit" value="" />
				<param name="widget_target" value="videos" />
				<param name="width" value="212" />
				<param name="height" value="322" />
				<param name="widget_width" value="225" />
				<param name="widget_height" value="430" />
				<param name="aspect_ratio" value="stretch" />
				<param name="display_titles" value="true" />
				<param name="display_type" value="posters" />
				<param name="display_type_isposters" value="true" />
				<param name="display_type_issquares" value="false" />
				<param name="display_type_islandscape" value="false" />
				<param name="pvr_tv_rec_status" value="false" />
				<param name="w_cond" value="false" />
				<param name="w_hour" value="false" />
				<param name="w_forc" value="false" />
				</include>
			<include content="ds_widgetPanelList">
				<param name="list_id" value="50202" />
				<param name="widget_header" value="Próximos Episódios" />
				<param name="content_path" value="plugin://plugin.video.pov/?name=32483&amp;iconImage=next_episodes.png&amp;mode=build_next_episode&amp;reload=$INFO[Window(Home).Property(widgetreload-episodes)]" />
				<param name="sortby" value="" />
				<param name="sortorder" value="" />
				<param name="limit" value="" />
				<param name="widget_target" value="videos" />
				<param name="width" value="212" />
				<param name="height" value="322" />
				<param name="widget_width" value="225" />
				<param name="widget_height" value="430" />
				<param name="aspect_ratio" value="stretch" />
				<param name="display_titles" value="true" />
				<param name="display_type" value="posters" />
				<param name="display_type_isposters" value="true" />
				<param name="display_type_issquares" value="false" />
				<param name="display_type_islandscape" value="false" />
				<param name="pvr_tv_rec_status" value="false" />
				<param name="w_cond" value="false" />
				<param name="w_hour" value="false" />
				<param name="w_forc" value="false" />
				</include>
			<include content="ds_widgetPanelList">
				<param name="list_id" value="50203" />
				<param name="widget_header" value="Para Assistir" />
				<param name="content_path" value="plugin://plugin.video.pov/?mode=build_tvshow_list&amp;action=trakt_collection&amp;name=TV+Shows&amp;iconImage=special%3A%2F%2Fhome%2Faddons%2Fplugin.video.pov%2Fresources%2Fskins%2FDefault%2Fmedia%2Ftrakt.png&amp;reload=$INFO[Window(Home).Property(widgetreload-episodes)]" />
				<param name="sortby" value="" />
				<param name="sortorder" value="" />
				<param name="limit" value="" />
				<param name="widget_target" value="videos" />
				<param name="width" value="212" />
				<param name="height" value="322" />
				<param name="widget_width" value="225" />
				<param name="widget_height" value="430" />
				<param name="aspect_ratio" value="stretch" />
				<param name="display_titles" value="false" />
				<param name="display_type" value="posters" />
				<param name="display_type_isposters" value="true" />
				<param name="display_type_issquares" value="false" />
				<param name="display_type_islandscape" value="false" />
				<param name="pvr_tv_rec_status" value="false" />
				<param name="w_cond" value="false" />
				<param name="w_hour" value="false" />
				<param name="w_forc" value="false" />
				</include>
			<include content="ds_widgetPanelList">
				<param name="list_id" value="50204" />
				<param name="widget_header" value="Em Alta" />
				<param name="content_path" value="plugin://plugin.video.pov/?name=32458&amp;iconImage=trending.png&amp;mode=build_tvshow_list&amp;action=trakt_tv_trending&amp;reload=$INFO[Window(Home).Property(widgetreload-episodes)]" />
				<param name="sortby" value="" />
				<param name="sortorder" value="" />
				<param name="limit" value="$NUMBER[25]" />
				<param name="widget_target" value="videos" />
				<param name="width" value="212" />
				<param name="height" value="322" />
				<param name="widget_width" value="225" />
				<param name="widget_height" value="430" />
				<param name="aspect_ratio" value="stretch" />
				<param name="display_titles" value="false" />
				<param name="display_type" value="posters" />
				<param name="display_type_isposters" value="true" />
				<param name="display_type_issquares" value="false" />
				<param name="display_type_islandscape" value="false" />
				<param name="pvr_tv_rec_status" value="false" />
				<param name="w_cond" value="false" />
				<param name="w_hour" value="false" />
				<param name="w_forc" value="false" />
				</include>
			<include content="ds_widgetPanelList">
				<param name="list_id" value="50205" />
				<param name="widget_header" value="As Melhores" />
				<param name="content_path" value="plugin://plugin.video.pov/?mode=build_mdb_list&amp;user=mestreyodarossi&amp;slug=series-cant-go-wrong&amp;list_id=101250&amp;list_type=user_lists&amp;name=Series+can%27t+go+wrong&amp;reload=$INFO[Window(Home).Property(widgetreload)]$INFO[Window(Home).Property(widgetreload2)]" />
				<param name="sortby" value="" />
				<param name="sortorder" value="" />
				<param name="limit" value="" />
				<param name="widget_target" value="videos" />
				<param name="width" value="212" />
				<param name="height" value="322" />
				<param name="widget_width" value="225" />
				<param name="widget_height" value="430" />
				<param name="aspect_ratio" value="stretch" />
				<param name="display_titles" value="false" />
				<param name="display_type" value="posters" />
				<param name="display_type_isposters" value="true" />
				<param name="display_type_issquares" value="false" />
				<param name="display_type_islandscape" value="false" />
				<param name="pvr_tv_rec_status" value="false" />
				<param name="w_cond" value="false" />
				<param name="w_hour" value="false" />
				<param name="w_forc" value="false" />
				</include>
			<include content="ds_widgetPanelList">
				<param name="list_id" value="50206" />
				<param name="widget_header" value="Netflix" />
				<param name="content_path" value="plugin://plugin.video.pov/?mode=build_mdb_list&amp;user=mestreyodarossi&amp;slug=netflix-series&amp;list_id=99489&amp;list_type=user_lists&amp;name=Netflix+Series&amp;reload=$INFO[Window(Home).Property(widgetreload)]$INFO[Window(Home).Property(widgetreload2)]" />
				<param name="sortby" value="" />
				<param name="sortorder" value="" />
				<param name="limit" value="$NUMBER[15]" />
				<param name="widget_target" value="videos" />
				<param name="width" value="212" />
				<param name="height" value="322" />
				<param name="widget_width" value="225" />
				<param name="widget_height" value="430" />
				<param name="aspect_ratio" value="stretch" />
				<param name="display_titles" value="false" />
				<param name="display_type" value="posters" />
				<param name="display_type_isposters" value="true" />
				<param name="display_type_issquares" value="false" />
				<param name="display_type_islandscape" value="false" />
				<param name="pvr_tv_rec_status" value="false" />
				<param name="w_cond" value="false" />
				<param name="w_hour" value="false" />
				<param name="w_forc" value="false" />
				</include>
			<include content="ds_widgetPanelList">
				<param name="list_id" value="50207" />
				<param name="widget_header" value="Amazon Prime" />
				<param name="content_path" value="plugin://plugin.video.pov/?mode=build_mdb_list&amp;user=mestreyodarossi&amp;slug=amazon-prime&amp;list_id=99490&amp;list_type=user_lists&amp;name=Amazon+Prime&amp;reload=$INFO[Window(Home).Property(widgetreload)]$INFO[Window(Home).Property(widgetreload2)]" />
				<param name="sortby" value="" />
				<param name="sortorder" value="" />
				<param name="limit" value="$NUMBER[15]" />
				<param name="widget_target" value="videos" />
				<param name="width" value="212" />
				<param name="height" value="322" />
				<param name="widget_width" value="225" />
				<param name="widget_height" value="430" />
				<param name="aspect_ratio" value="stretch" />
				<param name="display_titles" value="false" />
				<param name="display_type" value="posters" />
				<param name="display_type_isposters" value="true" />
				<param name="display_type_issquares" value="false" />
				<param name="display_type_islandscape" value="false" />
				<param name="pvr_tv_rec_status" value="false" />
				<param name="w_cond" value="false" />
				<param name="w_hour" value="false" />
				<param name="w_forc" value="false" />
				</include>
			<include content="ds_widgetPanelList">
				<param name="list_id" value="50208" />
				<param name="widget_header" value="Assistidos Recentemente" />
				<param name="content_path" value="plugin://plugin.video.pov/?name=32475&amp;iconImage=watched.png&amp;mode=build_tvshow_list&amp;action=watched_tvshows&amp;reload=$INFO[Window(Home).Property(widgetreload-episodes)]" />
				<param name="sortby" value="" />
				<param name="sortorder" value="" />
				<param name="limit" value="$NUMBER[10]" />
				<param name="widget_target" value="videos" />
				<param name="width" value="212" />
				<param name="height" value="322" />
				<param name="widget_width" value="225" />
				<param name="widget_height" value="430" />
				<param name="aspect_ratio" value="stretch" />
				<param name="display_titles" value="false" />
				<param name="display_type" value="posters" />
				<param name="display_type_isposters" value="true" />
				<param name="display_type_issquares" value="false" />
				<param name="display_type_islandscape" value="false" />
				<param name="pvr_tv_rec_status" value="false" />
				<param name="w_cond" value="false" />
				<param name="w_hour" value="false" />
				<param name="w_forc" value="false" />
				</include>
			<control type="button" id="59999">
				<visible>Integer.IsLess(Container(50000).NumItems,2)</visible>
				<animation effect="fade" start="100" end="0" time="250" tween="sine" reversible="true" condition="!Control.HasFocus(59999)">Conditional</animation>
				<left>500</left>
				<right>400</right>
				<height>150</height>
				<align>center</align>
				<aligny>center</aligny>
				<label>This menu item has no widgets or the widgets have no content.[CR]Press OK to edit your Main Menu widgets.[CR](Or hold BACK and select Skin Settings from the popup menu)</label>
				<wrapmultiline>true</wrapmultiline>
				<onup>50000</onup>
				<ondown>50000</ondown>
				<onleft>9000</onleft>
				<onright>9000</onright>
				<onback>9000</onback>
				<onclick>ActivateWindowAndFocus(skinsettings,9000,1,8201,0)</onclick>
				<onfocus>SetProperty(ds_mainmenu_hidden,true,home)</onfocus>
				<onfocus>ClearProperty(ds_info_title)</onfocus>
				<onfocus>ClearProperty(ds_info_dt_premier)</onfocus>
				<onfocus>ClearProperty(ds_info_dt_date)</onfocus>
				<onfocus>ClearProperty(ds_info_dt_year)</onfocus>
				<onfocus>ClearProperty(ds_info_duration)</onfocus>
				<onfocus>ClearProperty(ds_info_rating)</onfocus>
				<onfocus>ClearProperty(ds_info_agerating)</onfocus>
				<onfocus>ClearProperty(ds_info_studio)</onfocus>
				<onfocus>ClearProperty(ds_info_genre)</onfocus>
				<onfocus>ClearProperty(ds_info_tagline)</onfocus>
				<onfocus>ClearProperty(ds_info_desc)</onfocus>
				<onfocus>ClearProperty(ds_info_weather)</onfocus>
				<onfocus>ClearProperty(ds_info_fanart_art)</onfocus>
				<onfocus>ClearProperty(ds_info_fanart_prop)</onfocus>
				<onfocus>ClearProperty(ds_info_clearlogo)</onfocus>
				<onfocus>ClearProperty(ds_info_imdb_id)</onfocus>
				<onfocus>ClearProperty(ds_info_dbtype)</onfocus>
				<texturefocus colordiffuse="selected">dstv/test_small.png</texturefocus>
				<texturenofocus colordiffuse="disabled">dstv/test_small.png</texturenofocus>
				</control>
			</control>
		<control type="grouplist" id="50000">
			<include>Visible_Right</include>
			<visible>String.IsEqual(Container(9000).ListItem.Property(submenuVisibility),generos)</visible>
			<left>0</left>
			<top>54%</top>
			<width>100%</width>
			<height>440</height>
			<scrolltime tween="linear" easing="in">250</scrolltime>
			<orientation>vertical</orientation>
			<wrap>true</wrap>
			<wraparound>true</wraparound>
			<itemgap>-40</itemgap>
			<usecontrolcoords>true</usecontrolcoords>
			<include content="ds_widgetPanelList">
				<param name="list_id" value="50301" />
				<param name="widget_header" value="Ação e Aventura" />
				<param name="content_path" value="plugin://plugin.video.pov/?mode=build_mdb_list&amp;user=mestreyodarossi&amp;slug=acao-e-aventura&amp;list_id=99442&amp;list_type=user_lists&amp;name=A%C3%A7%C3%A3o+e+Aventura&amp;reload=$INFO[Window(Home).Property(widgetreload)]$INFO[Window(Home).Property(widgetreload2)]" />
				<param name="sortby" value="" />
				<param name="sortorder" value="" />
				<param name="limit" value="$NUMBER[50]" />
				<param name="widget_target" value="videos" />
				<param name="width" value="212" />
				<param name="height" value="322" />
				<param name="widget_width" value="225" />
				<param name="widget_height" value="430" />
				<param name="aspect_ratio" value="stretch" />
				<param name="display_titles" value="false" />
				<param name="display_type" value="posters" />
				<param name="display_type_isposters" value="true" />
				<param name="display_type_issquares" value="false" />
				<param name="display_type_islandscape" value="false" />
				<param name="pvr_tv_rec_status" value="false" />
				<param name="w_cond" value="false" />
				<param name="w_hour" value="false" />
				<param name="w_forc" value="false" />
				</include>
			<include content="ds_widgetPanelList">
				<param name="list_id" value="50302" />
				<param name="widget_header" value="Animação" />
				<param name="content_path" value="plugin://plugin.video.pov/?mode=build_mdb_list&amp;user=mestreyodarossi&amp;slug=animacao&amp;list_id=100436&amp;list_type=user_lists&amp;name=Anima%C3%A7%C3%A3o&amp;reload=$INFO[Window(Home).Property(widgetreload)]$INFO[Window(Home).Property(widgetreload2)]" />
				<param name="sortby" value="" />
				<param name="sortorder" value="" />
				<param name="limit" value="$NUMBER[25]" />
				<param name="widget_target" value="videos" />
				<param name="width" value="212" />
				<param name="height" value="322" />
				<param name="widget_width" value="225" />
				<param name="widget_height" value="430" />
				<param name="aspect_ratio" value="stretch" />
				<param name="display_titles" value="false" />
				<param name="display_type" value="posters" />
				<param name="display_type_isposters" value="true" />
				<param name="display_type_issquares" value="false" />
				<param name="display_type_islandscape" value="false" />
				<param name="pvr_tv_rec_status" value="false" />
				<param name="w_cond" value="false" />
				<param name="w_hour" value="false" />
				<param name="w_forc" value="false" />
				</include>
			<include content="ds_widgetPanelList">
				<param name="list_id" value="50303" />
				<param name="widget_header" value="Best Ever - IMDB" />
				<param name="content_path" value="plugin://plugin.video.pov/?mode=build_mdb_list&amp;user=mestreyodarossi&amp;slug=best-ever&amp;list_id=92577&amp;list_type=user_lists&amp;name=Best+ever&amp;reload=$INFO[Window(Home).Property(widgetreload)]$INFO[Window(Home).Property(widgetreload2)]" />
				<param name="sortby" value="" />
				<param name="sortorder" value="" />
				<param name="limit" value="" />
				<param name="widget_target" value="videos" />
				<param name="width" value="212" />
				<param name="height" value="322" />
				<param name="widget_width" value="225" />
				<param name="widget_height" value="430" />
				<param name="aspect_ratio" value="stretch" />
				<param name="display_titles" value="false" />
				<param name="display_type" value="posters" />
				<param name="display_type_isposters" value="true" />
				<param name="display_type_issquares" value="false" />
				<param name="display_type_islandscape" value="false" />
				<param name="pvr_tv_rec_status" value="false" />
				<param name="w_cond" value="false" />
				<param name="w_hour" value="false" />
				<param name="w_forc" value="false" />
				</include>
			<include content="ds_widgetPanelList">
				<param name="list_id" value="50304" />
				<param name="widget_header" value="Fantasia" />
				<param name="content_path" value="plugin://plugin.video.pov/?mode=build_mdb_list&amp;user=mestreyodarossi&amp;slug=fantasia&amp;list_id=100439&amp;list_type=user_lists&amp;name=Fantasia&amp;reload=$INFO[Window(Home).Property(widgetreload)]$INFO[Window(Home).Property(widgetreload2)]" />
				<param name="sortby" value="" />
				<param name="sortorder" value="" />
				<param name="limit" value="$NUMBER[50]" />
				<param name="widget_target" value="videos" />
				<param name="width" value="212" />
				<param name="height" value="322" />
				<param name="widget_width" value="225" />
				<param name="widget_height" value="430" />
				<param name="aspect_ratio" value="stretch" />
				<param name="display_titles" value="false" />
				<param name="display_type" value="posters" />
				<param name="display_type_isposters" value="true" />
				<param name="display_type_issquares" value="false" />
				<param name="display_type_islandscape" value="false" />
				<param name="pvr_tv_rec_status" value="false" />
				<param name="w_cond" value="false" />
				<param name="w_hour" value="false" />
				<param name="w_forc" value="false" />
				</include>
			<include content="ds_widgetPanelList">
				<param name="list_id" value="50305" />
				<param name="widget_header" value="Ficção Científica" />
				<param name="content_path" value="plugin://plugin.video.pov/?mode=build_mdb_list&amp;user=mestreyodarossi&amp;slug=sci-fi&amp;list_id=99440&amp;list_type=user_lists&amp;name=Sci-Fi&amp;reload=$INFO[Window(Home).Property(widgetreload)]$INFO[Window(Home).Property(widgetreload2)]" />
				<param name="sortby" value="" />
				<param name="sortorder" value="" />
				<param name="limit" value="" />
				<param name="widget_target" value="videos" />
				<param name="width" value="212" />
				<param name="height" value="322" />
				<param name="widget_width" value="225" />
				<param name="widget_height" value="430" />
				<param name="aspect_ratio" value="stretch" />
				<param name="display_titles" value="false" />
				<param name="display_type" value="posters" />
				<param name="display_type_isposters" value="true" />
				<param name="display_type_issquares" value="false" />
				<param name="display_type_islandscape" value="false" />
				<param name="pvr_tv_rec_status" value="false" />
				<param name="w_cond" value="false" />
				<param name="w_hour" value="false" />
				<param name="w_forc" value="false" />
				</include>
			<include content="ds_widgetPanelList">
				<param name="list_id" value="50306" />
				<param name="widget_header" value="Guerra" />
				<param name="content_path" value="plugin://plugin.video.pov/?mode=build_mdb_list&amp;user=mestreyodarossi&amp;slug=war-movies&amp;list_id=104716&amp;list_type=user_lists&amp;name=War+movies&amp;reload=$INFO[Window(Home).Property(widgetreload-movies)]" />
				<param name="sortby" value="" />
				<param name="sortorder" value="" />
				<param name="limit" value="$NUMBER[50]" />
				<param name="widget_target" value="videos" />
				<param name="width" value="212" />
				<param name="height" value="322" />
				<param name="widget_width" value="225" />
				<param name="widget_height" value="430" />
				<param name="aspect_ratio" value="stretch" />
				<param name="display_titles" value="false" />
				<param name="display_type" value="posters" />
				<param name="display_type_isposters" value="true" />
				<param name="display_type_issquares" value="false" />
				<param name="display_type_islandscape" value="false" />
				<param name="pvr_tv_rec_status" value="false" />
				<param name="w_cond" value="false" />
				<param name="w_hour" value="false" />
				<param name="w_forc" value="false" />
				</include>
			<include content="ds_widgetPanelList">
				<param name="list_id" value="50307" />
				<param name="widget_header" value="Horror" />
				<param name="content_path" value="plugin://plugin.video.pov/?mode=build_mdb_list&amp;user=mestreyodarossi&amp;slug=horror&amp;list_id=92573&amp;list_type=user_lists&amp;name=Horror&amp;reload=$INFO[Window(Home).Property(widgetreload)]$INFO[Window(Home).Property(widgetreload2)]" />
				<param name="sortby" value="" />
				<param name="sortorder" value="" />
				<param name="limit" value="" />
				<param name="widget_target" value="videos" />
				<param name="width" value="212" />
				<param name="height" value="322" />
				<param name="widget_width" value="225" />
				<param name="widget_height" value="430" />
				<param name="aspect_ratio" value="stretch" />
				<param name="display_titles" value="false" />
				<param name="display_type" value="posters" />
				<param name="display_type_isposters" value="true" />
				<param name="display_type_issquares" value="false" />
				<param name="display_type_islandscape" value="false" />
				<param name="pvr_tv_rec_status" value="false" />
				<param name="w_cond" value="false" />
				<param name="w_hour" value="false" />
				<param name="w_forc" value="false" />
				</include>
			<include content="ds_widgetPanelList">
				<param name="list_id" value="50308" />
				<param name="widget_header" value="Supernatural" />
				<param name="content_path" value="plugin://plugin.video.pov/?mode=build_mdb_list&amp;user=mestreyodarossi&amp;slug=supernatural&amp;list_id=120667&amp;list_type=user_lists&amp;name=Supernatural&amp;reload=$INFO[Window(Home).Property(widgetreload)]$INFO[Window(Home).Property(widgetreload2)]" />
				<param name="sortby" value="" />
				<param name="sortorder" value="" />
				<param name="limit" value="" />
				<param name="widget_target" value="videos" />
				<param name="width" value="212" />
				<param name="height" value="322" />
				<param name="widget_width" value="225" />
				<param name="widget_height" value="430" />
				<param name="aspect_ratio" value="stretch" />
				<param name="display_titles" value="false" />
				<param name="display_type" value="posters" />
				<param name="display_type_isposters" value="true" />
				<param name="display_type_issquares" value="false" />
				<param name="display_type_islandscape" value="false" />
				<param name="pvr_tv_rec_status" value="false" />
				<param name="w_cond" value="false" />
				<param name="w_hour" value="false" />
				<param name="w_forc" value="false" />
				</include>
			<include content="ds_widgetPanelList">
				<param name="list_id" value="50309" />
				<param name="widget_header" value="Super Heróis" />
				<param name="content_path" value="plugin://plugin.video.pov/?mode=build_mdb_list&amp;user=mestreyodarossi&amp;slug=super-herois&amp;list_id=99449&amp;list_type=user_lists&amp;name=Super+Her%C3%B3is&amp;reload=$INFO[Window(Home).Property(widgetreload)]$INFO[Window(Home).Property(widgetreload2)]" />
				<param name="sortby" value="" />
				<param name="sortorder" value="" />
				<param name="limit" value="$NUMBER[25]" />
				<param name="widget_target" value="videos" />
				<param name="width" value="212" />
				<param name="height" value="322" />
				<param name="widget_width" value="225" />
				<param name="widget_height" value="430" />
				<param name="aspect_ratio" value="stretch" />
				<param name="display_titles" value="false" />
				<param name="display_type" value="posters" />
				<param name="display_type_isposters" value="true" />
				<param name="display_type_issquares" value="false" />
				<param name="display_type_islandscape" value="false" />
				<param name="pvr_tv_rec_status" value="false" />
				<param name="w_cond" value="false" />
				<param name="w_hour" value="false" />
				<param name="w_forc" value="false" />
				</include>
			<include content="ds_widgetPanelList">
				<param name="list_id" value="50310" />
				<param name="widget_header" value="Suspense" />
				<param name="content_path" value="plugin://plugin.video.pov/?mode=build_mdb_list&amp;user=mestreyodarossi&amp;slug=suspense&amp;list_id=99441&amp;list_type=user_lists&amp;name=Suspense&amp;reload=$INFO[Window(Home).Property(widgetreload)]$INFO[Window(Home).Property(widgetreload2)]" />
				<param name="sortby" value="" />
				<param name="sortorder" value="" />
				<param name="limit" value="$NUMBER[50]" />
				<param name="widget_target" value="videos" />
				<param name="width" value="212" />
				<param name="height" value="322" />
				<param name="widget_width" value="225" />
				<param name="widget_height" value="430" />
				<param name="aspect_ratio" value="stretch" />
				<param name="display_titles" value="false" />
				<param name="display_type" value="posters" />
				<param name="display_type_isposters" value="true" />
				<param name="display_type_issquares" value="false" />
				<param name="display_type_islandscape" value="false" />
				<param name="pvr_tv_rec_status" value="false" />
				<param name="w_cond" value="false" />
				<param name="w_hour" value="false" />
				<param name="w_forc" value="false" />
				</include>
			<include content="ds_widgetPanelList">
				<param name="list_id" value="50311" />
				<param name="widget_header" value="Zombies and Outbreak" />
				<param name="content_path" value="plugin://plugin.video.pov/?mode=build_mdb_list&amp;user=mestreyodarossi&amp;slug=zombies-and-outbreak&amp;list_id=94403&amp;list_type=user_lists&amp;name=Zombies+and+Outbreak&amp;reload=$INFO[Window(Home).Property(widgetreload)]$INFO[Window(Home).Property(widgetreload2)]" />
				<param name="sortby" value="" />
				<param name="sortorder" value="" />
				<param name="limit" value="" />
				<param name="widget_target" value="videos" />
				<param name="width" value="212" />
				<param name="height" value="322" />
				<param name="widget_width" value="225" />
				<param name="widget_height" value="430" />
				<param name="aspect_ratio" value="stretch" />
				<param name="display_titles" value="false" />
				<param name="display_type" value="posters" />
				<param name="display_type_isposters" value="true" />
				<param name="display_type_issquares" value="false" />
				<param name="display_type_islandscape" value="false" />
				<param name="pvr_tv_rec_status" value="false" />
				<param name="w_cond" value="false" />
				<param name="w_hour" value="false" />
				<param name="w_forc" value="false" />
				</include>
			<control type="button" id="59999">
				<visible>Integer.IsLess(Container(50000).NumItems,2)</visible>
				<animation effect="fade" start="100" end="0" time="250" tween="sine" reversible="true" condition="!Control.HasFocus(59999)">Conditional</animation>
				<left>500</left>
				<right>400</right>
				<height>150</height>
				<align>center</align>
				<aligny>center</aligny>
				<label>This menu item has no widgets or the widgets have no content.[CR]Press OK to edit your Main Menu widgets.[CR](Or hold BACK and select Skin Settings from the popup menu)</label>
				<wrapmultiline>true</wrapmultiline>
				<onup>50000</onup>
				<ondown>50000</ondown>
				<onleft>9000</onleft>
				<onright>9000</onright>
				<onback>9000</onback>
				<onclick>ActivateWindowAndFocus(skinsettings,9000,1,8201,0)</onclick>
				<onfocus>SetProperty(ds_mainmenu_hidden,true,home)</onfocus>
				<onfocus>ClearProperty(ds_info_title)</onfocus>
				<onfocus>ClearProperty(ds_info_dt_premier)</onfocus>
				<onfocus>ClearProperty(ds_info_dt_date)</onfocus>
				<onfocus>ClearProperty(ds_info_dt_year)</onfocus>
				<onfocus>ClearProperty(ds_info_duration)</onfocus>
				<onfocus>ClearProperty(ds_info_rating)</onfocus>
				<onfocus>ClearProperty(ds_info_agerating)</onfocus>
				<onfocus>ClearProperty(ds_info_studio)</onfocus>
				<onfocus>ClearProperty(ds_info_genre)</onfocus>
				<onfocus>ClearProperty(ds_info_tagline)</onfocus>
				<onfocus>ClearProperty(ds_info_desc)</onfocus>
				<onfocus>ClearProperty(ds_info_weather)</onfocus>
				<onfocus>ClearProperty(ds_info_fanart_art)</onfocus>
				<onfocus>ClearProperty(ds_info_fanart_prop)</onfocus>
				<onfocus>ClearProperty(ds_info_clearlogo)</onfocus>
				<onfocus>ClearProperty(ds_info_imdb_id)</onfocus>
				<onfocus>ClearProperty(ds_info_dbtype)</onfocus>
				<texturefocus colordiffuse="selected">dstv/test_small.png</texturefocus>
				<texturenofocus colordiffuse="disabled">dstv/test_small.png</texturenofocus>
				</control>
			</control>
		<control type="grouplist" id="50000">
			<include>Visible_Right</include>
			<visible>String.IsEqual(Container(9000).ListItem.Property(submenuVisibility),streammy)</visible>
			<left>0</left>
			<top>54%</top>
			<width>100%</width>
			<height>440</height>
			<scrolltime tween="linear" easing="in">250</scrolltime>
			<orientation>vertical</orientation>
			<wrap>true</wrap>
			<wraparound>true</wraparound>
			<itemgap>-40</itemgap>
			<usecontrolcoords>true</usecontrolcoords>
			<include content="ds_widgetPanelList">
				<param name="list_id" value="50401" />
				<param name="widget_header" value="Netflix" />
				<param name="content_path" value="plugin://plugin.video.pov/?mode=build_mdb_list&amp;user=mestreyodarossi&amp;slug=netflix-filmes&amp;list_id=99492&amp;list_type=user_lists&amp;name=Netflix++filmes&amp;reload=$INFO[Window(Home).Property(widgetreload)]$INFO[Window(Home).Property(widgetreload2)]" />
				<param name="sortby" value="" />
				<param name="sortorder" value="" />
				<param name="limit" value="$NUMBER[15]" />
				<param name="widget_target" value="videos" />
				<param name="width" value="212" />
				<param name="height" value="322" />
				<param name="widget_width" value="225" />
				<param name="widget_height" value="430" />
				<param name="aspect_ratio" value="stretch" />
				<param name="display_titles" value="false" />
				<param name="display_type" value="posters" />
				<param name="display_type_isposters" value="true" />
				<param name="display_type_issquares" value="false" />
				<param name="display_type_islandscape" value="false" />
				<param name="pvr_tv_rec_status" value="false" />
				<param name="w_cond" value="false" />
				<param name="w_hour" value="false" />
				<param name="w_forc" value="false" />
				</include>
			<include content="ds_widgetPanelList">
				<param name="list_id" value="50402" />
				<param name="widget_header" value="Amazon Prime" />
				<param name="content_path" value="plugin://plugin.video.pov/?mode=build_mdb_list&amp;user=mestreyodarossi&amp;slug=amazon-filmes&amp;list_id=99493&amp;list_type=user_lists&amp;name=Amazon+filmes&amp;reload=$INFO[Window(Home).Property(widgetreload)]$INFO[Window(Home).Property(widgetreload2)]" />
				<param name="sortby" value="" />
				<param name="sortorder" value="" />
				<param name="limit" value="$NUMBER[15]" />
				<param name="widget_target" value="videos" />
				<param name="width" value="212" />
				<param name="height" value="322" />
				<param name="widget_width" value="225" />
				<param name="widget_height" value="430" />
				<param name="aspect_ratio" value="stretch" />
				<param name="display_titles" value="false" />
				<param name="display_type" value="posters" />
				<param name="display_type_isposters" value="true" />
				<param name="display_type_issquares" value="false" />
				<param name="display_type_islandscape" value="false" />
				<param name="pvr_tv_rec_status" value="false" />
				<param name="w_cond" value="false" />
				<param name="w_hour" value="false" />
				<param name="w_forc" value="false" />
				</include>
			<include content="ds_widgetPanelList">
				<param name="list_id" value="50403" />
				<param name="widget_header" value="Hulu +" />
				<param name="content_path" value="plugin://plugin.video.pov/?mode=build_trakt_list&amp;user=garycrawfordgc&amp;slug=hulu-movies&amp;list_id=20764807&amp;list_type=liked_lists&amp;name=Hulu+Movies&amp;reload=$INFO[Window(Home).Property(widgetreload-movies)]" />
				<param name="sortby" value="" />
				<param name="sortorder" value="" />
				<param name="limit" value="$NUMBER[15]" />
				<param name="widget_target" value="videos" />
				<param name="width" value="212" />
				<param name="height" value="322" />
				<param name="widget_width" value="225" />
				<param name="widget_height" value="430" />
				<param name="aspect_ratio" value="stretch" />
				<param name="display_titles" value="false" />
				<param name="display_type" value="posters" />
				<param name="display_type_isposters" value="true" />
				<param name="display_type_issquares" value="false" />
				<param name="display_type_islandscape" value="false" />
				<param name="pvr_tv_rec_status" value="false" />
				<param name="w_cond" value="false" />
				<param name="w_hour" value="false" />
				<param name="w_forc" value="false" />
				</include>
			<include content="ds_widgetPanelList">
				<param name="list_id" value="50404" />
				<param name="widget_header" value="Starz" />
				<param name="content_path" value="plugin://plugin.video.pov/?mode=build_trakt_list&amp;user=smoothtk09&amp;slug=starz-movies&amp;list_id=28266418&amp;list_type=liked_lists&amp;name=Starz+Movies&amp;reload=$INFO[Window(Home).Property(widgetreload-movies)]" />
				<param name="sortby" value="" />
				<param name="sortorder" value="" />
				<param name="limit" value="$NUMBER[50]" />
				<param name="widget_target" value="videos" />
				<param name="width" value="212" />
				<param name="height" value="322" />
				<param name="widget_width" value="225" />
				<param name="widget_height" value="430" />
				<param name="aspect_ratio" value="stretch" />
				<param name="display_titles" value="false" />
				<param name="display_type" value="posters" />
				<param name="display_type_isposters" value="true" />
				<param name="display_type_issquares" value="false" />
				<param name="display_type_islandscape" value="false" />
				<param name="pvr_tv_rec_status" value="false" />
				<param name="w_cond" value="false" />
				<param name="w_hour" value="false" />
				<param name="w_forc" value="false" />
				</include>
			<control type="button" id="59999">
				<visible>Integer.IsLess(Container(50000).NumItems,2)</visible>
				<animation effect="fade" start="100" end="0" time="250" tween="sine" reversible="true" condition="!Control.HasFocus(59999)">Conditional</animation>
				<left>500</left>
				<right>400</right>
				<height>150</height>
				<align>center</align>
				<aligny>center</aligny>
				<label>This menu item has no widgets or the widgets have no content.[CR]Press OK to edit your Main Menu widgets.[CR](Or hold BACK and select Skin Settings from the popup menu)</label>
				<wrapmultiline>true</wrapmultiline>
				<onup>50000</onup>
				<ondown>50000</ondown>
				<onleft>9000</onleft>
				<onright>9000</onright>
				<onback>9000</onback>
				<onclick>ActivateWindowAndFocus(skinsettings,9000,1,8201,0)</onclick>
				<onfocus>SetProperty(ds_mainmenu_hidden,true,home)</onfocus>
				<onfocus>ClearProperty(ds_info_title)</onfocus>
				<onfocus>ClearProperty(ds_info_dt_premier)</onfocus>
				<onfocus>ClearProperty(ds_info_dt_date)</onfocus>
				<onfocus>ClearProperty(ds_info_dt_year)</onfocus>
				<onfocus>ClearProperty(ds_info_duration)</onfocus>
				<onfocus>ClearProperty(ds_info_rating)</onfocus>
				<onfocus>ClearProperty(ds_info_agerating)</onfocus>
				<onfocus>ClearProperty(ds_info_studio)</onfocus>
				<onfocus>ClearProperty(ds_info_genre)</onfocus>
				<onfocus>ClearProperty(ds_info_tagline)</onfocus>
				<onfocus>ClearProperty(ds_info_desc)</onfocus>
				<onfocus>ClearProperty(ds_info_weather)</onfocus>
				<onfocus>ClearProperty(ds_info_fanart_art)</onfocus>
				<onfocus>ClearProperty(ds_info_fanart_prop)</onfocus>
				<onfocus>ClearProperty(ds_info_clearlogo)</onfocus>
				<onfocus>ClearProperty(ds_info_imdb_id)</onfocus>
				<onfocus>ClearProperty(ds_info_dbtype)</onfocus>
				<texturefocus colordiffuse="selected">dstv/test_small.png</texturefocus>
				<texturenofocus colordiffuse="disabled">dstv/test_small.png</texturenofocus>
				</control>
			</control>
		</include>
	</includes>
