<?xml version="1.0" encoding="UTF-8"?>
<!-- DSTV Changes! -->
<includes>
	<include name="View_55_WideList">
		<param name="bottom_offset">list_bottom_offset</param>
		<definition>
			<control type="group">
				<include>OpenClose_Right</include>
				<visible>Control.IsVisible(55)</visible>
				<include>Visible_Right</include>
				<control type="fixedlist" id="55">
					<left>594</left>
					<top>list_top_offset</top>
					<bottom>$PARAM[bottom_offset]</bottom>
					<right>0</right>
					<scrolltime tween="cubic" easing="out">500</scrolltime>
					<orientation>vertical</orientation>
					<pagecontrol>531</pagecontrol>
					<movement>6</movement>
					<focusposition>5</focusposition>
					<onleft>9000</onleft>
					<onright>531</onright>
					<onup>55</onup>
					<ondown>55</ondown>
					<viewtype label="$LOCALIZE[31107]">list</viewtype>
					<!-- DSTV: add locked-view checks: -->
					<visible>[Container.Content(tvshows) + [String.IsEqual(Skin.String(Skin.ForcedView.tvshows),$LOCALIZE[31107]) | String.IsEmpty(Skin.String(Skin.ForcedView.tvshows))]] | [Container.Content(seasons) + [String.IsEqual(Skin.String(Skin.ForcedView.seasons),$LOCALIZE[31107]) | String.IsEmpty(Skin.String(Skin.ForcedView.seasons))]] | [Container.Content(episodes) + [String.IsEqual(Skin.String(Skin.ForcedView.episodes),$LOCALIZE[31107]) | String.IsEmpty(Skin.String(Skin.ForcedView.episodes))]] | [Container.Content(movies) + [String.IsEqual(Skin.String(Skin.ForcedView.movies),$LOCALIZE[31107]) | String.IsEmpty(Skin.String(Skin.ForcedView.movies))]] | [Container.Content(musicvideos) + [String.IsEqual(Skin.String(Skin.ForcedView.musicvideos),$LOCALIZE[31107]) | String.IsEmpty(Skin.String(Skin.ForcedView.musicvideos))]] | [Container.Content(videos) + [String.IsEqual(Skin.String(Skin.ForcedView.videos),$LOCALIZE[31107]) | String.IsEmpty(Skin.String(Skin.ForcedView.videos))]] | [Container.Content(games) + [String.IsEqual(Skin.String(Skin.ForcedView.games),$LOCALIZE[31107]) | String.IsEmpty(Skin.String(Skin.ForcedView.games))]] | [Container.Content(videoplaylist) + [String.IsEqual(Skin.String(Skin.ForcedView.videoplaylist),$LOCALIZE[31107]) | String.IsEmpty(Skin.String(Skin.ForcedView.videoplaylist))]] | [Container.Content(musicplaylist) + [String.IsEqual(Skin.String(Skin.ForcedView.musicplaylist),$LOCALIZE[31107]) | String.IsEmpty(Skin.String(Skin.ForcedView.musicplaylist))]] | [Container.Content(genres) + [String.IsEqual(Skin.String(Skin.ForcedView.genres),$LOCALIZE[31107]) | String.IsEmpty(Skin.String(Skin.ForcedView.genres))]] | [Container.Content(playlists) + [String.IsEqual(Skin.String(Skin.ForcedView.playlists),$LOCALIZE[31107]) | String.IsEmpty(Skin.String(Skin.ForcedView.playlists))]] | [Container.Content(favourites) + [String.IsEqual(Skin.String(Skin.ForcedView.favourites),$LOCALIZE[31107]) | String.IsEmpty(Skin.String(Skin.ForcedView.favourites))]] | [Container.Content() + [String.IsEqual(Skin.String(Skin.ForcedView.),$LOCALIZE[31107]) | String.IsEmpty(Skin.String(Skin.ForcedView.))]] | [Container.Content(songs) + [String.IsEqual(Skin.String(Skin.ForcedView.songs),$LOCALIZE[31107]) | String.IsEmpty(Skin.String(Skin.ForcedView.songs))]] | [Container.Content(addons) + [String.IsEqual(Skin.String(Skin.ForcedView.addons),$LOCALIZE[31107]) | String.IsEmpty(Skin.String(Skin.ForcedView.addons))]] | [ !Container.Content(songs) + !Container.Content(addons) + !Container.Content(playlists) + !Container.Content() + !Container.Content(tvshows) + !Container.Content(seasons) + !Container.Content(episodes) + !Container.Content(movies) + !Container.Content(musicvideos) + !Container.Content(videos) + !Container.Content(favourites) + !Container.Content(genres) ]</visible>
					<focusedlayout height="list_item_height" condition="Container.Content(tvshows) | Container.Content(seasons) | Container.Content(episodes) | Container.Content(movies) | Container.Content(musicvideos) | Container.Content(videos) | Container.Content(games) | Window.IsActive(videoplaylist) | Window.IsActive(musicplaylist)">
						<control type="image">
							<left>0</left>
							<right>0</right>
							<bottom>0</bottom>
							<texture colordiffuse="button_focus">lists/focus.png</texture>
							<visible>Control.HasFocus(55)</visible>
						</control>
						<control type="image">
							<left>35</left>
							<centertop>50%</centertop>
							<width>32</width>
							<height>32</height>
							<!-- DSTV: colordiffuse background. -->
							<texture colordiffuse="background">$VAR[ListWatchedIconVar]</texture>
						</control>
						<control type="label">
							<left>105</left>
							<top>0</top>
							<bottom>0</bottom>
							<right>40</right>
							<aligny>center</aligny>
							<scroll>true</scroll>
							<label>$VAR[ListLabelVar]</label>
							<shadowcolor>text_shadow</shadowcolor>
							<!-- DSTV: textcolor background -->
							<textcolor>background</textcolor>
						</control>
						<control type="label">
							<left>105</left>
							<top>0</top>
							<bottom>0</bottom>
							<right>40</right>
							<align>right</align>
							<aligny>center</aligny>
							<label>$VAR[ListLabel2Var]</label>
							<shadowcolor>text_shadow</shadowcolor>
							<!-- DSTV: textcolor background -->
							<textcolor>background</textcolor>
						</control>
						<!-- DSTV: control group Control.HasFocus(). -->
						<control type="group">
							<visible>Control.HasFocus(55)</visible>
							<control type="image">
								<visible>String.IsEqual(ListItem.Overlay,OverlayWatched.png)</visible>
								<left>35</left>
								<centertop>50%</centertop>
								<width>32</width>
								<height>32</height>
								<texture colordiffuse="selected">OverlayWatched.png</texture>
							</control>
							<control type="label">
								<left>105</left>
								<top>0</top>
								<bottom>0</bottom>
								<right>40</right>
								<aligny>center</aligny>
								<scroll>true</scroll>
								<label>$VAR[ListLabelVar]</label>
								<shadowcolor>text_shadow</shadowcolor>
								<textcolor>background</textcolor>
							</control>
							<control type="label">
								<left>105</left>
								<top>0</top>
								<bottom>0</bottom>
								<right>40</right>
								<align>right</align>
								<aligny>center</aligny>
								<label>$VAR[ListLabel2Var]</label>
								<shadowcolor>text_shadow</shadowcolor>
								<textcolor>background</textcolor>
							</control>
						</control>
					</focusedlayout>
					<itemlayout height="list_item_height" condition="Container.Content(tvshows) | Container.Content(seasons) | Container.Content(episodes) | Container.Content(movies) | Container.Content(musicvideos) | Container.Content(videos) | Container.Content(games) | Window.IsActive(videoplaylist) | Window.IsActive(musicplaylist)">
						<control type="image">
							<left>35</left>
							<centertop>50%</centertop>
							<width>32</width>
							<height>32</height>
							<texture colordiffuse="grey">$VAR[ListWatchedIconVar]</texture>
						</control>
						<!-- DSTV: control image watched checkmark. -->
						<control type="image">
							<visible>String.IsEqual(ListItem.Overlay,OverlayWatched.png)</visible>
							<left>35</left>
							<centertop>50%</centertop>
							<width>32</width>
							<height>32</height>
							<texture colordiffuse="selected">OverlayWatched.png</texture>
						</control>
						<control type="label">
							<left>105</left>
							<top>0</top>
							<bottom>0</bottom>
							<right>40</right>
							<aligny>center</aligny>
							<label>$VAR[ListLabelVar]</label>
							<shadowcolor>text_shadow</shadowcolor>
						</control>
						<control type="label">
							<left>105</left>
							<top>0</top>
							<bottom>0</bottom>
							<right>40</right>
							<align>right</align>
							<aligny>center</aligny>
							<label>$VAR[ListLabel2Var]</label>
							<shadowcolor>text_shadow</shadowcolor>
						</control>
					</itemlayout>
					<focusedlayout height="list_item_height" condition="!Container.Content(songs) + !Container.Content(addons) + !Container.Content(playlists) + !Container.Content() + !Container.Content(tvshows) + !Container.Content(seasons) + !Container.Content(episodes) + !Container.Content(movies) + !Container.Content(musicvideos) + !Container.Content(videos) + !Container.Content(favourites)">
						<control type="image">
							<left>0</left>
							<right>0</right>
							<bottom>0</bottom>
							<texture colordiffuse="button_focus">lists/focus.png</texture>
							<visible>Control.HasFocus(55)</visible>
						</control>
						<control type="image">
							<left>35</left>
							<centertop>50%</centertop>
							<width>32</width>
							<height>32</height>
							<!-- DSTV: colordiffuse background. -->
							<texture colordiffuse="background">$VAR[ListWatchedIconVar]</texture>
						</control>
						<control type="label">
							<left>105</left>
							<top>0</top>
							<bottom>0</bottom>
							<right>40</right>
							<aligny>center</aligny>
							<scroll>true</scroll>
							<label>$INFO[ListItem.Label]</label>
							<shadowcolor>text_shadow</shadowcolor>
							<!-- DSTV: textcolor background -->
							<textcolor>background</textcolor>
						</control>
						<control type="label">
							<left>105</left>
							<top>0</top>
							<bottom>0</bottom>
							<right>40</right>
							<align>right</align>
							<aligny>center</aligny>
							<label>$VAR[ListLabel2Var]</label>
							<shadowcolor>text_shadow</shadowcolor>
							<!-- DSTV: textcolor background -->
							<textcolor>background</textcolor>
						</control>
					</focusedlayout>
					<itemlayout height="list_item_height" condition="!Container.Content(songs) + !Container.Content(addons) + !Container.Content(playlists) + !Container.Content() + !Container.Content(tvshows) + !Container.Content(seasons) + !Container.Content(episodes) + !Container.Content(movies) + !Container.Content(musicvideos) + !Container.Content(videos) + !Container.Content(favourites)">
						<control type="image">
							<left>35</left>
							<centertop>50%</centertop>
							<width>32</width>
							<height>32</height>
							<texture colordiffuse="grey">$VAR[ListWatchedIconVar]</texture>
						</control>
						<control type="label">
							<left>105</left>
							<top>0</top>
							<bottom>0</bottom>
							<right>40</right>
							<aligny>center</aligny>
							<label>$VAR[ListLabelVar]</label>
							<shadowcolor>text_shadow</shadowcolor>
						</control>
						<control type="label">
							<left>105</left>
							<top>0</top>
							<bottom>0</bottom>
							<right>40</right>
							<align>right</align>
							<aligny>center</aligny>
							<label>$VAR[ListLabel2Var]</label>
							<shadowcolor>text_shadow</shadowcolor>
						</control>
					</itemlayout>
					<focusedlayout height="list_item_height" condition="Container.Content(playlists) | Container.Content(favourites) | Container.Content()">
						<control type="image">
							<left>0</left>
							<right>0</right>
							<bottom>0</bottom>
							<texture colordiffuse="button_focus">lists/focus.png</texture>
							<visible>Control.HasFocus(55)</visible>
						</control>
						<control type="image">
							<left>20</left>
							<top>10</top>
							<width>60</width>
							<bottom>10</bottom>
							<aspectratio>keep</aspectratio>
							<texture>$INFO[ListItem.Icon]</texture>
						</control>
						<control type="label">
							<left>105</left>
							<top>0</top>
							<bottom>0</bottom>
							<right>100</right>
							<aligny>center</aligny>
							<scroll>true</scroll>
							<label>$INFO[ListItem.Label]</label>
							<shadowcolor>text_shadow</shadowcolor>
							<!-- DSTV: textcolor background -->
							<textcolor>background</textcolor>
						</control>
					</focusedlayout>
					<itemlayout height="list_item_height" condition="Container.Content(playlists) | Container.Content(favourites) | Container.Content()">
						<control type="image">
							<left>20</left>
							<top>10</top>
							<width>60</width>
							<bottom>10</bottom>
							<aspectratio>keep</aspectratio>
							<texture colordiffuse="grey">$INFO[ListItem.Icon]</texture>
						</control>
						<control type="label">
							<left>105</left>
							<top>0</top>
							<bottom>0</bottom>
							<right>100</right>
							<aligny>center</aligny>
							<label>$INFO[ListItem.Label]</label>
							<shadowcolor>text_shadow</shadowcolor>
						</control>
					</itemlayout>
					<include condition="Window.IsActive(music)">SongsListLayout</include>
					<include>AddonsListLayout</include>
				</control>
			</control>
		</definition>
	</include>
	<include name="SongsListLayout">
		<focusedlayout height="list_item_height" condition="Container.Content(songs)">
			<control type="image">
				<left>0</left>
				<right>0</right>
				<texture colordiffuse="button_focus">lists/focus.png</texture>
				<visible>Control.hasFocus(55)</visible>
			</control>
			<control type="label">
				<left>35</left>
				<right>40</right>
				<aligny>center</aligny>
				<scroll>true</scroll>
				<label>$VAR[ListLabelVar]</label>
				<shadowcolor>text_shadow</shadowcolor>
				<!-- DSTV: textcolor background -->
				<textcolor>background</textcolor>
			</control>
			<control type="label">
				<left>35</left>
				<right>40</right>
				<align>right</align>
				<aligny>center</aligny>
				<label>$VAR[ListLabel2Var]</label>
				<shadowcolor>text_shadow</shadowcolor>
				<!-- DSTV: textcolor background -->
				<textcolor>background</textcolor>
			</control>
		</focusedlayout>
		<itemlayout height="list_item_height" condition="Container.Content(songs)">
			<control type="label">
				<left>35</left>
				<right>40</right>
				<aligny>center</aligny>
				<label>$VAR[ListLabelVar]</label>
				<shadowcolor>text_shadow</shadowcolor>
			</control>
			<control type="label">
				<left>35</left>
				<right>40</right>
				<align>right</align>
				<aligny>center</aligny>
				<label>$VAR[ListLabel2Var]</label>
				<textcolor>grey</textcolor>
				<shadowcolor>text_shadow</shadowcolor>
			</control>
		</itemlayout>
	</include>
	<include name="AddonsListLayout">
		<focusedlayout height="list_item_height" condition="Container.Content(addons)">
			<control type="image">
				<left>0</left>
				<right>0</right>
				<texture colordiffuse="button_focus">lists/focus.png</texture>
				<visible>Control.hasFocus(55)</visible>
			</control>
			<control type="image">
				<left>20</left>
				<top>25</top>
				<width>32</width>
				<height>32</height>
				<!-- DSTV: colordiffuse background. -->
				<texture colordiffuse="background">$VAR[AddonsListIconVar]</texture>
			</control>
			<control type="label">
				<left>75</left>
				<right>40</right>
				<aligny>center</aligny>
				<scroll>true</scroll>
				<label>$INFO[ListItem.Label]</label>
				<!-- DSTV: textcolor background -->
				<textcolor>background</textcolor>
			</control>
			<control type="label">
				<left>75</left>
				<right>90</right>
				<align>right</align>
				<aligny>center</aligny>
				<font>font27</font>
				<label>$VAR[AddonsLabel2Var]</label>
				<scroll>true</scroll>
				<!-- DSTV: textcolor background -->
				<textcolor>background</textcolor>
			</control>
			<control type="image">
				<right>40</right>
				<top>25</top>
				<width>32</width>
				<height>32</height>
				<!-- DSTV: colordiffuse background. -->
				<texture colordiffuse="background">$VAR[AddonsOriginVar]</texture>
				<visible>!ListItem.IsFolder</visible>
			</control>
		</focusedlayout>
		<itemlayout height="list_item_height" condition="Container.Content(addons)">
			<control type="image">
				<left>20</left>
				<top>25</top>
				<width>32</width>
				<height>32</height>
				<texture>$VAR[AddonsListIconVar]</texture>
			</control>
			<control type="label">
				<left>75</left>
				<right>40</right>
				<aligny>center</aligny>
				<label>$INFO[ListItem.Label]</label>
			</control>
			<control type="label">
				<left>75</left>
				<right>90</right>
				<align>right</align>
				<aligny>center</aligny>
				<font>font27</font>
				<label>$VAR[AddonsLabel2Var]</label>
				<textcolor>grey</textcolor>
				<shadowcolor>text_shadow</shadowcolor>
			</control>
			<control type="image">
				<right>40</right>
				<top>25</top>
				<width>32</width>
				<height>32</height>
				<texture>$VAR[AddonsOriginVar]</texture>
				<visible>!ListItem.IsFolder</visible>
			</control>
		</itemlayout>
	</include>
</includes>
