<?xml version="1.0" encoding="UTF-8"?>
<!-- DSTV Changes! -->
<includes>
	<include name="InfoWallPictureLayout">
		<param name="focused">false</param>
		<definition>
			<control type="image">
				<top>-10</top>
				<width>376</width>
				<height>380</height>
				<texture>dialogs/dialog-bg-nobo.png</texture>
				<bordertexture border="21" infill="false">overlays/shadow.png</bordertexture>
				<bordersize>20</bordersize>
			</control>
			<control type="image">
				<top>-14</top>
				<left>-4</left>
				<width>384</width>
				<height>388</height>
				<texture colordiffuse="button_focus">colors/grey.png</texture>
				<bordertexture border="21" infill="false">overlays/shadow.png</bordertexture>
				<bordersize>20</bordersize>
				<visible>$PARAM[focused]</visible>
				<include condition="$PARAM[focused]">Animation_FocusTextureFade</include>
			</control>
			<control type="image">
				<left>20</left>
				<top>10</top>
				<width>336</width>
				<height>300</height>
				<texture border="2" background="true">$VAR[InfoWallThumbVar]</texture>
				<aspectratio>keep</aspectratio>
			</control>
			<control type="label">
				<left>20</left>
				<top>318</top>
				<width>338</width>
				<textoffsetx>20</textoffsetx>
				<height>20</height>
				<align>center</align>
				<aligny>center</aligny>
				<font>font12</font>
				<label>$INFO[ListItem.Label]</label>
			</control>
		</definition>
	</include>
	<include name="InfoWallMusicLayout">
		<param name="fallback_image">DefaultFolder.png</param>
		<param name="main_label">$INFO[ListItem.Artist]</param>
		<param name="sub_label">$INFO[ListItem.Title]</param>
		<param name="single_label">$INFO[ListItem.Label]</param>
		<param name="focused">false</param>
		<definition>
			<control type="image">
				<top>0</top>
				<width>316</width>
				<height>386</height>
				<texture>dialogs/dialog-bg-nobo.png</texture>
				<bordertexture border="21" infill="false">overlays/shadow.png</bordertexture>
				<bordersize>20</bordersize>
			</control>
			<control type="image">
				<top>-4</top>
				<left>-4</left>
				<width>324</width>
				<height>394</height>
				<!-- DSTV: colordiffuse selected, bordersize 20 > 15. -->
				<texture colordiffuse="selected">colors/grey.png</texture>
				<bordertexture border="21" infill="false">overlays/shadow.png</bordertexture>
				<bordersize>15</bordersize>
				<visible>$PARAM[focused]</visible>
				<include condition="$PARAM[focused]">Animation_FocusTextureFade</include>
			</control>
			<control type="image">
				<left>0</left>
				<top>0</top>
				<width>316</width>
				<height>316</height>
				<texture fallback="$PARAM[fallback_image]" background="true">$VAR[InfoWallThumbVar]</texture>
				<aspectratio>keep</aspectratio>
				<bordersize>20</bordersize>
			</control>
			<!-- DSTV: control image: text darker bg. -->
			<control type="image">
				<left>11</left>
				<top>295</top>
				<width>294</width>
				<height>80</height>
				<texture colordiffuse="border_alpha">colors/black.png</texture>
				<visible>$PARAM[focused]</visible>
				<include condition="$PARAM[focused]">Animation_FocusTextureFade</include>
			</control>
			<control type="textbox">
				<left>28</left>
				<top>289</top>
				<width>262</width>
				<height>80</height>
				<font>font12</font>
				<align>center</align>
				<aligny>center</aligny>
				<label>$PARAM[single_label]</label>
				<visible>!String.IsEqual(ListItem.DBType,album)</visible>
			</control>
			<control type="group">
				<visible>String.IsEqual(ListItem.DBType,album)</visible>
				<control type="label">
					<left>29</left>
					<top>300</top>
					<width>260</width>
					<label>$PARAM[sub_label]</label>
					<font>font10</font>
					<shadowcolor>text_shadow</shadowcolor>
					<scroll>$PARAM[focused]</scroll>
					<align>center</align>
				</control>
				<control type="label">
					<left>29</left>
					<top>328</top>
					<width>260</width>
					<label>$PARAM[main_label]</label>
					<font>font12</font>
					<shadowcolor>text_shadow</shadowcolor>
					<scroll>$PARAM[focused]</scroll>
					<align>center</align>
				</control>
			</control>
		</definition>
	</include>
	<include name="InfoWallEpisodeLayout">
		<param name="main_label">$INFO[ListItem.Title]</param>
		<param name="sub_label">$INFO[ListItem.TVShowTitle]</param>
		<param name="thumb_label">$INFO[ListItem.Season,,x]$INFO[ListItem.Episode]</param>
		<param name="fallback_image">DefaultTVShows.png</param>
		<param name="focused">false</param>
		<definition>
			<control type="image">
				<top>10</top>
				<width>316</width>
				<height>288</height>
				<texture>dialogs/dialog-bg-nobo.png</texture>
				<bordertexture border="21" infill="false">overlays/shadow.png</bordertexture>
				<bordersize>20</bordersize>
			</control>
			<control type="image">
				<top>6</top>
				<left>-4</left>
				<width>324</width>
				<height>296</height>
				<texture colordiffuse="button_focus">colors/grey.png</texture>
				<bordertexture border="21" infill="false">overlays/shadow.png</bordertexture>
				<bordersize>20</bordersize>
				<visible>$PARAM[focused]</visible>
				<include condition="$PARAM[focused]">Animation_FocusTextureFade</include>
			</control>
			<control type="image">
				<left>0</left>
				<top>10</top>
				<width>316</width>
				<height>218</height>
				<texture fallback="$PARAM[fallback_image]" background="true">$VAR[InfoWallThumbVar]</texture>
				<aspectratio>scale</aspectratio>
				<bordersize>20</bordersize>
			</control>
			<control type="image">
				<left>20</left>
				<top>138</top>
				<width>276</width>
				<height>70</height>
				<texture>overlays/overlayfade.png</texture>
				<visible>!ListItem.IsParentFolder</visible>
			</control>
			<control type="label">
				<left>31</left>
				<top>178</top>
				<width>260</width>
				<label>$PARAM[thumb_label]</label>
				<font>font20_title</font>
				<shadowcolor>text_shadow</shadowcolor>
				<align>right</align>
			</control>
			<control type="textbox">
				<left>28</left>
				<top>202</top>
				<width>262</width>
				<height>80</height>
				<font>font12</font>
				<align>center</align>
				<aligny>center</aligny>
				<label>$INFO[ListItem.Label]</label>
				<visible>Window.IsActive(videos)</visible>
			</control>
			<control type="group">
				<visible>!Window.IsActive(videos)</visible>
				<control type="label">
					<left>29</left>
					<top>210</top>
					<width>260</width>
					<label>$PARAM[sub_label]</label>
					<font>font12</font>
					<shadowcolor>text_shadow</shadowcolor>
					<scroll>$PARAM[focused]</scroll>
					<align>center</align>
				</control>
				<control type="label">
					<left>29</left>
					<top>240</top>
					<width>260</width>
					<label>$PARAM[main_label]</label>
					<font>font10</font>
					<shadowcolor>text_shadow</shadowcolor>
					<scroll>$PARAM[focused]</scroll>
					<align>center</align>
				</control>
			</control>
			<control type="progress">
				<left>20</left>
				<top>258</top>
				<width>276</width>
				<height>1</height>
				<texturebg></texturebg>
				<midtexture colordiffuse="button_focus" border="3">progress/texturebg_alt_white.png</midtexture>
				<info>ListItem.PercentPlayed</info>
				<visible>!Integer.IsEqual(ListItem.PercentPlayed,0)</visible>
			</control>
		</definition>
	</include>
	<include name="InfoWallMovieLayout">
		<param name="focused">false</param>
		<definition>
			<control type="group">
				<visible>String.IsEmpty(ListItem.Art(poster))</visible>
				<control type="image">
					<left>15</left>
					<top>-80</top>
					<width>212</width>
					<height>322</height>
					<texture>dialogs/dialog-bg-nobo.png</texture>
					<bordertexture border="21" infill="false">overlays/shadow.png</bordertexture>
					<bordersize>4</bordersize>
				</control>
				<control type="textbox">
					<left>40</left>
					<top>235</top>
					<width>222</width>
					<height>332</height>
					<font>font27</font>
					<align>center</align>
					<aligny>center</aligny>
					<label>$INFO[ListItem.Label]</label>
					<autoscroll time="2000" delay="3000" repeat="5000">$PARAM[focused]</autoscroll>
					<visible>!ListItem.IsParentFolder</visible>
				</control>
				<control type="image">
					<left>15</left>
					<top>-80</top>
					<width>212</width>
					<height>322</height>
					<texture fallback="DefaultMovies.png" background="true">$INFO[ListItem.Icon]</texture>
					<aspectratio>stretch</aspectratio>
					<bordersize>4</bordersize>
				</control>
			</control>
			<control type="group">
				<visible>!String.IsEmpty(ListItem.Art(poster))</visible>
				<control type="image">
					<left>11</left>
					<top>-84</top>
					<width>222</width>
					<height>332</height>
					<!-- DSTV: colordiffuse selected. -->
					<texture colordiffuse="selected">colors/grey.png</texture>
					<bordertexture border="4" infill="false">overlays/shadow.png</bordertexture>
					<!-- DSTV: bordersize 20 > 15. -->
					<bordersize>4</bordersize>
					<visible>$PARAM[focused]</visible>
					<include condition="$PARAM[focused]">Animation_FocusTextureFade</include>
				</control>
				<control type="image">
					<left>15</left>
					<top>-80</top>
					<width>212</width>
					<height>322</height>
					<texture background="true">$INFO[ListItem.Art(poster)]</texture>
					<aspectratio>stretch</aspectratio>
					<bordertexture border="4" infill="false">overlays/shadow.png</bordertexture>
					<bordersize>4</bordersize>
				</control>
				<control type="group">
					<visible>String.StartsWith(ListItem.Rating,8) | String.StartsWith(ListItem.Rating,9) | String.StartsWith(ListItem.Rating,10) | String.StartsWith(ListItem.Rating,7.4) | String.StartsWith(ListItem.Rating,7.5) | String.StartsWith(ListItem.Rating,7.6) | String.StartsWith(ListItem.Rating,7.7) | String.StartsWith(ListItem.Rating,7.8) | String.StartsWith(ListItem.Rating,7.9)</visible>
					<control type="image">
						<left>176</left>
						<top>-75</top>
						<width>35</width>
						<height>40</height>
						<aspectratio>stretch</aspectratio>
						<texture>special://skin/gif/truefire.png</texture>
						<colordiffuse>red</colordiffuse>
						<animation type="Conditional" condition="true" loop="true">
							<effect type="fade" start="50" end="80" time="600" tween="sine" easing="inout" pulse="true" />
						</animation>
					</control>
					<control type="image">
						<left>177</left>
						<top>-74</top>
						<width>35</width>
						<height>40</height>
						<aspectratio>stretch</aspectratio>
						<texture>special://skin/gif/truefire.gif</texture>
					</control>
					<control type="image">
						<left>177</left>
						<top>-74</top>
						<width>35</width>
						<height>40</height>
						<aspectratio>stretch</aspectratio>
						<texture>special://skin/gif/truefire.png</texture>
						<animation type="Conditional" condition="true" loop="true">
							<effect type="fade" start="20" end="60" time="600" tween="sine" easing="inout" pulse="true" />
						</animation>
					</control>
				</control>
				<control type="label">
					<top>-70</top>
					<left>160</left>
					<width>47</width>
					<height>41</height>
					<align>right</align>
					<aligny>center</aligny>
					<font>netSssp</font>
					<textcolor>black</textcolor>
					<label>$VAR[ds_infoRat]</label>
				</control>
				<control type="label">
					<top>-69</top>
					<left>159</left>
					<width>47</width>
					<height>41</height>
					<align>right</align>
					<aligny>center</aligny>
					<font>netSssp</font>
					<textcolor>white</textcolor>
					<label>$VAR[ds_infoRat]</label>
				</control>
				<control type="image">
					<left>35</left>
					<top>235</top>
					<width>80</width>
					<height>80</height>
					<texture>overlays/overlay-bg.png</texture>
					<visible>Listitem.IsCollection | ListItem.IsPlaying | Integer.IsGreater(ListItem.Playcount,0)</visible>
				</control>
			</control>
		</definition>
	</include>
	<include name="View_54_InfoWall">
		<control type="group">
			<include>OpenClose_Right</include>
			<left>100</left>
			<top>0</top>
			<visible>Control.IsVisible(54)</visible>
			<include>Visible_Right</include>
			<control type="panel" id="54">
				<left>320</left>
				<top>0</top>
				<right>10</right>
				<height>100%</height>
				<onleft>9000</onleft>
				<onright>531</onright>
				<onup condition="Integer.IsGreater(Container.NumPages,1)">54</onup>
				<onup condition="!Integer.IsGreater(Container.NumPages,1)">9000</onup>
				<ondown>54</ondown>
				<viewtype label="31101">icon</viewtype>
				<preloaditems>2</preloaditems>
				<pagecontrol>531</pagecontrol>
				<scrolltime tween="cubic" easing="out">500</scrolltime>
				<!-- DSTV: add locked-view checks: -->
				<visible>[Container.Content(artists) + [String.IsEqual(Skin.String(Skin.ForcedView.artists),$LOCALIZE[31101]) | String.IsEmpty(Skin.String(Skin.ForcedView.artists))]] | [Container.Content(albums) + [String.IsEqual(Skin.String(Skin.ForcedView.albums),$LOCALIZE[31101]) | String.IsEmpty(Skin.String(Skin.ForcedView.albums))]] | [Container.Content(sets) + [String.IsEqual(Skin.String(Skin.ForcedView.sets),$LOCALIZE[31101]) | String.IsEmpty(Skin.String(Skin.ForcedView.sets))]] | [Container.Content(movies) + [String.IsEqual(Skin.String(Skin.ForcedView.movies),$LOCALIZE[31101]) | String.IsEmpty(Skin.String(Skin.ForcedView.movies))]] | [Container.Content(tvshows) + [String.IsEqual(Skin.String(Skin.ForcedView.tvshows),$LOCALIZE[31101]) | String.IsEmpty(Skin.String(Skin.ForcedView.tvshows))]] | [Container.Content(seasons) + [String.IsEqual(Skin.String(Skin.ForcedView.seasons),$LOCALIZE[31101]) | String.IsEmpty(Skin.String(Skin.ForcedView.seasons))]] | [Container.Content(episodes) + [String.IsEqual(Skin.String(Skin.ForcedView.episodes),$LOCALIZE[31101]) | String.IsEmpty(Skin.String(Skin.ForcedView.episodes))]] | [Container.Content(musicvideos) + [String.IsEqual(Skin.String(Skin.ForcedView.musicvideos),$LOCALIZE[31101]) | String.IsEmpty(Skin.String(Skin.ForcedView.musicvideos))]] | [Container.Content(images) + [String.IsEqual(Skin.String(Skin.ForcedView.images),$LOCALIZE[31101]) | String.IsEmpty(Skin.String(Skin.ForcedView.images))]] | [Container.Content(videos) + [String.IsEqual(Skin.String(Skin.ForcedView.videos),$LOCALIZE[31101]) | String.IsEmpty(Skin.String(Skin.ForcedView.videos))]] | [Container.Content(games) + [String.IsEqual(Skin.String(Skin.ForcedView.games),$LOCALIZE[31101]) | String.IsEmpty(Skin.String(Skin.ForcedView.games))]]</visible>
				<itemlayout height="352" width="242" condition="Container.Content(movies) | Container.Content(sets) | Container.Content(tvshows) | Container.Content(seasons) | [Container.Content(musicvideos) + Skin.HasSetting(show_musicvideoposter)]">
					<control type="group">
						<left>30</left>
						<top>120</top>
						<include>InfoWallMovieLayout</include>
					</control>
				</itemlayout>
				<focusedlayout height="352" width="242" condition="Container.Content(movies) | Container.Content(sets) | Container.Content(tvshows) | Container.Content(seasons) | [Container.Content(musicvideos) + Skin.HasSetting(show_musicvideoposter)]">
					<control type="group">
						<depth>DepthContentPopout</depth>
						<left>30</left>
						<animation effect="zoom" start="100" end="105" time="200" tween="sine" easing="inout" center="190,300">Focus</animation>
						<animation effect="zoom" start="105" end="100" time="200" tween="sine" easing="inout" center="190,300">UnFocus</animation>
						<top>120</top>
						<include content="InfoWallMovieLayout">
							<param name="focused" value="true" />
						</include>
					</control>
				</focusedlayout>
				<itemlayout height="301" width="300" condition="Container.Content(episodes) | Container.Content(videos) | [Container.Content(musicvideos) + !Skin.HasSetting(show_musicvideoposter)]">
					<control type="group">
						<left>64</left>
						<top>110</top>
						<include content="InfoWallEpisodeLayout">
							<param name="focused" value="false" />
							<param name="thumb_label" value="$INFO[ListItem.Label2]" />
						</include>
					</control>
				</itemlayout>
				<focusedlayout height="301" width="300" condition="Container.Content(episodes) | Container.Content(videos) | [Container.Content(musicvideos) + !Skin.HasSetting(show_musicvideoposter)]">
					<control type="group">
						<depth>DepthContentPopout</depth>
						<animation effect="zoom" start="100" end="105" time="200" tween="sine" easing="inout" center="220,250">Focus</animation>
						<animation effect="zoom" start="105" end="100" time="200" tween="sine" easing="inout" center="220,250">UnFocus</animation>
						<left>64</left>
						<top>110</top>
						<include content="InfoWallEpisodeLayout">
							<param name="focused" value="true" />
							<param name="thumb_label" value="$INFO[ListItem.Label2]" />
						</include>
					</control>
				</focusedlayout>
				<itemlayout height="410" width="310" condition="Container.Content(artists) | Container.Content(albums)">
					<control type="group">
						<top>150</top>
						<left>40</left>
						<include>InfoWallMusicLayout</include>
					</control>
				</itemlayout>
				<focusedlayout height="410" width="310" condition="Container.Content(artists) | Container.Content(albums)">
					<control type="group">
						<depth>DepthContentPopout</depth>
						<animation effect="zoom" start="100" end="105" time="200" tween="sine" easing="inout" center="200,350">Focus</animation>
						<animation effect="zoom" start="105" end="100" time="200" tween="sine" easing="inout" center="200,350">UnFocus</animation>
						<top>150</top>
						<left>40</left>
						<include content="InfoWallMusicLayout">
							<param name="focused" value="true" />
						</include>
					</control>
				</focusedlayout>
				<itemlayout height="401" width="378" condition="Container.Content(images)">
					<control type="group">
						<left>0</left>
						<top>150</top>
						<include>InfoWallPictureLayout</include>
					</control>
				</itemlayout>
				<focusedlayout height="401" width="378" condition="Container.Content(images)">
					<control type="group">
						<depth>DepthContentPopout</depth>
						<left>0</left>
						<top>150</top>
						<animation effect="zoom" start="100" end="105" time="200" tween="sine" easing="inout" center="180,330">Focus</animation>
						<animation effect="zoom" start="105" end="100" time="200" tween="sine" easing="inout" center="180,330">UnFocus</animation>
						<include content="InfoWallPictureLayout">
							<param name="focused" value="true" />
						</include>
					</control>
				</focusedlayout>
			</control>
		</control>
	</include>
</includes>
