<?xml version="1.0" encoding="UTF-8"?>
<colors>
	<color name="primary_background">FF000000</color>
	<color name="secondary_background">4D606060</color>
	<color name="info_background">BB000000</color>
	<color name="dialog_tint">FF262626</color>
	<color name="background">FF000000</color>
	<color name="bg_image">FF909090</color>
	<color name="bg_overlay">30FFFFFF</color>
	<color name="black">FF000000</color>
	<color name="white">FFF0F0F0</color>
	<color name="grey">FFF0F0F0</color>
	<color name="blue">FF7ACAFE</color>
	<color name="red">FFFF0000</color>
	<color name="button_focus">FF505050</color>
	<color name="button_focusclear">FFA0A0A0</color>
	<color name="translucid">FF999999</color>
	<color name="button_alt_focus">80999999</color>
	<color name="text_shadow">22000000</color>
	<color name="border_alpha">60FFFFFF</color>
	<color name="disabled">40FFFFFF</color>
	<color name="selected">FFFF0000</color>
	<color name="invalid">FFFF0000</color>
</colors>

